"instan","classes","FSize","LCoef01","LCoef02","LCoef03","LCoef12","LCoef13","LCoef23","skew0","skew1","skew2","skew3","kurtosis0","kurtosis1","kurtosis2","kurtosis3","nCEntropy","entroC","toCorr","AdaBoostM1","Bagging","BayesNet","DecisionStump","DecisionTable","IBk","J48","JRip","KStar","LibSVM","LMT","Logistic","LogitBoost","LWL","MultilayerPerceptron","NaiveBayes","NaiveBayesUpdateable","OneR","PART","RandomCommittee","RandomForest","RandomTree","REPTree","SimpleLogistic","SMO","Stacking","Vote","ZeroR","CPUtime"
4177,28,151.48,8.72e-09,-1.66e-06,1.57e-08,-1.66e-07,-3.36e-08,1.31e-07,0.172345702,0.174971889,-0.627860006,-2.447426811,-0.891558321,-1.71923234,-0.927349216,2.449471921,2.113109761,1.898389217,12.21630902,0,0,0,1,0,0,0,0,0,0,0,0,0,0,0,0,0,0,0,0,0,0,0,0,0,0,0,0,27.67754
4177,28,151.48,8.72e-09,-1.66e-06,1.57e-08,-1.66e-07,-3.36e-08,1.31e-07,0.172345702,0.174971889,-0.627860006,-2.447426811,-0.891558321,-1.71923234,-0.927349216,2.449471921,2.113109761,1.898389217,12.21630902,0,0,0,0,0,0,0,0,0,1,0,0,0,0,0,0,0,0,0,0,0,0,0,0,0,0,0,0,33.33107
4177,28,151.48,8.72e-09,-1.66e-06,1.57e-08,-1.66e-07,-3.36e-08,1.31e-07,0.172345702,0.174971889,-0.627860006,-2.447426811,-0.891558321,-1.71923234,-0.927349216,2.449471921,2.113109761,1.898389217,12.21630902,0,0,0,0,0,0,0,0,0,0,0,0,0,0,1,0,0,0,0,0,0,0,0,0,0,0,0,0,392.61807
4177,28,151.48,8.72e-09,-1.66e-06,1.57e-08,-1.66e-07,-3.36e-08,1.31e-07,0.172345702,0.174971889,-0.627860006,-2.447426811,-0.891558321,-1.71923234,-0.927349216,2.449471921,2.113109761,1.898389217,12.21630902,0,0,0,0,0,0,0,0,0,0,0,1,0,0,0,0,0,0,0,0,0,0,0,0,0,0,0,0,2040.5802
4177,28,151.48,8.72e-09,-1.66e-06,1.57e-08,-1.66e-07,-3.36e-08,1.31e-07,0.172345702,0.174971889,-0.627860006,-2.447426811,-0.891558321,-1.71923234,-0.927349216,2.449471921,2.113109761,1.898389217,12.21630902,0,0,0,0,0,0,0,0,0,0,0,0,0,0,0,0,0,0,0,0,0,0,0,1,0,0,0,0,2114.37451
4177,28,151.48,8.72e-09,-1.66e-06,1.57e-08,-1.66e-07,-3.36e-08,1.31e-07,0.172345702,0.174971889,-0.627860006,-2.447426811,-0.891558321,-1.71923234,-0.927349216,2.449471921,2.113109761,1.898389217,12.21630902,0,0,0,0,0,0,0,0,0,0,0,0,0,0,0,0,0,0,0,0,0,0,0,0,1,0,0,0,2134.39893
4177,28,151.48,8.72e-09,-1.66e-06,1.57e-08,-1.66e-07,-3.36e-08,1.31e-07,0.172345702,0.174971889,-0.627860006,-2.447426811,-0.891558321,-1.71923234,-0.927349216,2.449471921,2.113109761,1.898389217,12.21630902,0,0,0,0,0,1,0,0,0,0,0,0,0,0,0,0,0,0,0,0,0,0,0,0,0,0,0,0,2135.3623
4177,28,151.48,8.72e-09,-1.66e-06,1.57e-08,-1.66e-07,-3.36e-08,1.31e-07,0.172345702,0.174971889,-0.627860006,-2.447426811,-0.891558321,-1.71923234,-0.927349216,2.449471921,2.113109761,1.898389217,12.21630902,0,0,0,0,0,0,0,0,1,0,0,0,0,0,0,0,0,0,0,0,0,0,0,0,0,0,0,0,2347.37476
4177,28,151.48,8.72e-09,-1.66e-06,1.57e-08,-1.66e-07,-3.36e-08,1.31e-07,0.172345702,0.174971889,-0.627860006,-2.447426811,-0.891558321,-1.71923234,-0.927349216,2.449471921,2.113109761,1.898389217,12.21630902,0,0,0,0,0,0,0,0,0,0,0,0,0,1,0,0,0,0,0,0,0,0,0,0,0,0,0,0,2465.19409
4177,28,151.48,8.72e-09,-1.66e-06,1.57e-08,-1.66e-07,-3.36e-08,1.31e-07,0.172345702,0.174971889,-0.627860006,-2.447426811,-0.891558321,-1.71923234,-0.927349216,2.449471921,2.113109761,1.898389217,12.21630902,0,0,1,0,0,0,0,0,0,0,0,0,0,0,0,0,0,0,0,0,0,0,0,0,0,0,0,0,2465.66895
4177,28,151.48,8.72e-09,-1.66e-06,1.57e-08,-1.66e-07,-3.36e-08,1.31e-07,0.172345702,0.174971889,-0.627860006,-2.447426811,-0.891558321,-1.71923234,-0.927349216,2.449471921,2.113109761,1.898389217,12.21630902,0,0,0,0,0,0,0,0,0,0,0,0,0,0,0,1,0,0,0,0,0,0,0,0,0,0,0,0,2466.03271
4177,28,151.48,8.72e-09,-1.66e-06,1.57e-08,-1.66e-07,-3.36e-08,1.31e-07,0.172345702,0.174971889,-0.627860006,-2.447426811,-0.891558321,-1.71923234,-0.927349216,2.449471921,2.113109761,1.898389217,12.21630902,0,0,0,0,0,0,0,0,0,0,0,0,0,0,0,0,1,0,0,0,0,0,0,0,0,0,0,0,2466.31152
4177,28,151.48,8.72e-09,-1.66e-06,1.57e-08,-1.66e-07,-3.36e-08,1.31e-07,0.172345702,0.174971889,-0.627860006,-2.447426811,-0.891558321,-1.71923234,-0.927349216,2.449471921,2.113109761,1.898389217,12.21630902,1,0,0,0,0,0,0,0,0,0,0,0,0,0,0,0,0,0,0,0,0,0,0,0,0,0,0,0,2466.49707
4177,28,151.48,8.72e-09,-1.66e-06,1.57e-08,-1.66e-07,-3.36e-08,1.31e-07,0.172345702,0.174971889,-0.627860006,-2.447426811,-0.891558321,-1.71923234,-0.927349216,2.449471921,2.113109761,1.898389217,12.21630902,0,1,0,0,0,0,0,0,0,0,0,0,0,0,0,0,0,0,0,0,0,0,0,0,0,0,0,0,2470.67041
4177,28,151.48,8.72e-09,-1.66e-06,1.57e-08,-1.66e-07,-3.36e-08,1.31e-07,0.172345702,0.174971889,-0.627860006,-2.447426811,-0.891558321,-1.71923234,-0.927349216,2.449471921,2.113109761,1.898389217,12.21630902,0,0,0,0,0,0,0,0,0,0,0,0,0,0,0,0,0,0,0,0,0,0,0,0,0,1,0,0,2470.76782
4177,28,151.48,8.72e-09,-1.66e-06,1.57e-08,-1.66e-07,-3.36e-08,1.31e-07,0.172345702,0.174971889,-0.627860006,-2.447426811,-0.891558321,-1.71923234,-0.927349216,2.449471921,2.113109761,1.898389217,12.21630902,0,0,0,0,0,0,0,0,0,0,0,0,1,0,0,0,0,0,0,0,0,0,0,0,0,0,0,0,2482.59351
4177,28,151.48,8.72e-09,-1.66e-06,1.57e-08,-1.66e-07,-3.36e-08,1.31e-07,0.172345702,0.174971889,-0.627860006,-2.447426811,-0.891558321,-1.71923234,-0.927349216,2.449471921,2.113109761,1.898389217,12.21630902,0,0,0,0,0,0,0,0,0,0,0,0,0,0,0,0,0,0,0,0,0,0,0,0,0,0,1,0,2482.64111
4177,28,151.48,8.72e-09,-1.66e-06,1.57e-08,-1.66e-07,-3.36e-08,1.31e-07,0.172345702,0.174971889,-0.627860006,-2.447426811,-0.891558321,-1.71923234,-0.927349216,2.449471921,2.113109761,1.898389217,12.21630902,0,0,0,0,1,0,0,0,0,0,0,0,0,0,0,0,0,0,0,0,0,0,0,0,0,0,0,0,2484.78003
4177,28,151.48,8.72e-09,-1.66e-06,1.57e-08,-1.66e-07,-3.36e-08,1.31e-07,0.172345702,0.174971889,-0.627860006,-2.447426811,-0.891558321,-1.71923234,-0.927349216,2.449471921,2.113109761,1.898389217,12.21630902,0,0,0,0,0,0,0,1,0,0,0,0,0,0,0,0,0,0,0,0,0,0,0,0,0,0,0,0,2495.14819
4177,28,151.48,8.72e-09,-1.66e-06,1.57e-08,-1.66e-07,-3.36e-08,1.31e-07,0.172345702,0.174971889,-0.627860006,-2.447426811,-0.891558321,-1.71923234,-0.927349216,2.449471921,2.113109761,1.898389217,12.21630902,0,0,0,0,0,0,0,0,0,0,0,0,0,0,0,0,0,1,0,0,0,0,0,0,0,0,0,0,2495.4375
4177,28,151.48,8.72e-09,-1.66e-06,1.57e-08,-1.66e-07,-3.36e-08,1.31e-07,0.172345702,0.174971889,-0.627860006,-2.447426811,-0.891558321,-1.71923234,-0.927349216,2.449471921,2.113109761,1.898389217,12.21630902,0,0,0,0,0,0,0,0,0,0,0,0,0,0,0,0,0,0,0,0,0,0,0,0,0,0,0,1,2495.4624
4177,28,151.48,8.72e-09,-1.66e-06,1.57e-08,-1.66e-07,-3.36e-08,1.31e-07,0.172345702,0.174971889,-0.627860006,-2.447426811,-0.891558321,-1.71923234,-0.927349216,2.449471921,2.113109761,1.898389217,12.21630902,0,0,0,0,0,0,0,0,0,0,0,0,0,0,0,0,0,0,1,0,0,0,0,0,0,0,0,0,2540.55396
4177,28,151.48,8.72e-09,-1.66e-06,1.57e-08,-1.66e-07,-3.36e-08,1.31e-07,0.172345702,0.174971889,-0.627860006,-2.447426811,-0.891558321,-1.71923234,-0.927349216,2.449471921,2.113109761,1.898389217,12.21630902,0,0,0,0,0,0,0,0,0,0,0,0,0,0,0,0,0,0,0,1,0,0,0,0,0,0,0,0,2546.56592
4177,28,151.48,8.72e-09,-1.66e-06,1.57e-08,-1.66e-07,-3.36e-08,1.31e-07,0.172345702,0.174971889,-0.627860006,-2.447426811,-0.891558321,-1.71923234,-0.927349216,2.449471921,2.113109761,1.898389217,12.21630902,0,0,0,0,0,0,1,0,0,0,0,0,0,0,0,0,0,0,0,0,0,0,0,0,0,0,0,0,2548.71631
4177,28,151.48,8.72e-09,-1.66e-06,1.57e-08,-1.66e-07,-3.36e-08,1.31e-07,0.172345702,0.174971889,-0.627860006,-2.447426811,-0.891558321,-1.71923234,-0.927349216,2.449471921,2.113109761,1.898389217,12.21630902,0,0,0,0,0,0,0,0,0,0,1,0,0,0,0,0,0,0,0,0,0,0,0,0,0,0,0,0,2877.37354
4177,28,151.48,8.72e-09,-1.66e-06,1.57e-08,-1.66e-07,-3.36e-08,1.31e-07,0.172345702,0.174971889,-0.627860006,-2.447426811,-0.891558321,-1.71923234,-0.927349216,2.449471921,2.113109761,1.898389217,12.21630902,0,0,0,0,0,0,0,0,0,0,0,0,0,0,0,0,0,0,0,0,1,0,0,0,0,0,0,0,2914.33398
4177,28,151.48,8.72e-09,-1.66e-06,1.57e-08,-1.66e-07,-3.36e-08,1.31e-07,0.172345702,0.174971889,-0.627860006,-2.447426811,-0.891558321,-1.71923234,-0.927349216,2.449471921,2.113109761,1.898389217,12.21630902,0,0,0,0,0,0,0,0,0,0,0,0,0,0,0,0,0,0,0,0,0,1,0,0,0,0,0,0,2914.93286
4177,28,151.48,8.72e-09,-1.66e-06,1.57e-08,-1.66e-07,-3.36e-08,1.31e-07,0.172345702,0.174971889,-0.627860006,-2.447426811,-0.891558321,-1.71923234,-0.927349216,2.449471921,2.113109761,1.898389217,12.21630902,0,0,0,0,0,0,0,0,0,0,0,0,0,0,0,0,0,0,0,0,0,0,1,0,0,0,0,0,2915.39868
1950,50,74.568,-0.135345701,0.55531717,-0.00051156,-0.056438695,0.030368307,0.425513435,-1.692007038,0.688309668,-2.63560127,-0.061945171,-0.139803876,-0.664785583,1.700388122,0.003247919,3.302945943,3.069096526,11.3671796,0,0,0,1,0,0,0,0,0,0,0,0,0,0,0,0,0,0,0,0,0,0,0,0,0,0,0,0,2915.4917
1950,50,74.568,-0.135345701,0.55531717,-0.00051156,-0.056438695,0.030368307,0.425513435,-1.692007038,0.688309668,-2.63560127,-0.061945171,-0.139803876,-0.664785583,1.700388122,0.003247919,3.302945943,3.069096526,11.3671796,0,0,0,0,0,0,0,0,0,1,0,0,0,0,0,0,0,0,0,0,0,0,0,0,0,0,0,0,2928.88672
1950,50,74.568,-0.135345701,0.55531717,-0.00051156,-0.056438695,0.030368307,0.425513435,-1.692007038,0.688309668,-2.63560127,-0.061945171,-0.139803876,-0.664785583,1.700388122,0.003247919,3.302945943,3.069096526,11.3671796,0,0,0,0,0,0,0,0,0,0,0,0,0,0,1,0,0,0,0,0,0,0,0,0,0,0,0,0,3347.14331
1950,50,74.568,-0.135345701,0.55531717,-0.00051156,-0.056438695,0.030368307,0.425513435,-1.692007038,0.688309668,-2.63560127,-0.061945171,-0.139803876,-0.664785583,1.700388122,0.003247919,3.302945943,3.069096526,11.3671796,0,0,0,0,0,0,0,0,0,0,0,1,0,0,0,0,0,0,0,0,0,0,0,0,0,0,0,0,3402.04199
1950,50,74.568,-0.135345701,0.55531717,-0.00051156,-0.056438695,0.030368307,0.425513435,-1.692007038,0.688309668,-2.63560127,-0.061945171,-0.139803876,-0.664785583,1.700388122,0.003247919,3.302945943,3.069096526,11.3671796,0,0,0,0,0,0,0,0,0,0,0,0,0,0,0,0,0,0,0,0,0,0,0,1,0,0,0,0,3456.25439
1950,50,74.568,-0.135345701,0.55531717,-0.00051156,-0.056438695,0.030368307,0.425513435,-1.692007038,0.688309668,-2.63560127,-0.061945171,-0.139803876,-0.664785583,1.700388122,0.003247919,3.302945943,3.069096526,11.3671796,0,0,0,0,0,0,0,0,0,0,0,0,0,0,0,0,0,0,0,0,0,0,0,0,1,0,0,0,3497.14648
1950,50,74.568,-0.135345701,0.55531717,-0.00051156,-0.056438695,0.030368307,0.425513435,-1.692007038,0.688309668,-2.63560127,-0.061945171,-0.139803876,-0.664785583,1.700388122,0.003247919,3.302945943,3.069096526,11.3671796,0,0,0,0,0,1,0,0,0,0,0,0,0,0,0,0,0,0,0,0,0,0,0,0,0,0,0,0,3497.44971
1950,50,74.568,-0.135345701,0.55531717,-0.00051156,-0.056438695,0.030368307,0.425513435,-1.692007038,0.688309668,-2.63560127,-0.061945171,-0.139803876,-0.664785583,1.700388122,0.003247919,3.302945943,3.069096526,11.3671796,0,0,0,0,0,0,0,0,1,0,0,0,0,0,0,0,0,0,0,0,0,0,0,0,0,0,0,0,3537.0271
1950,50,74.568,-0.135345701,0.55531717,-0.00051156,-0.056438695,0.030368307,0.425513435,-1.692007038,0.688309668,-2.63560127,-0.061945171,-0.139803876,-0.664785583,1.700388122,0.003247919,3.302945943,3.069096526,11.3671796,0,0,0,0,0,0,0,0,0,0,0,0,0,1,0,0,0,0,0,0,0,0,0,0,0,0,0,0,3572.75781
1950,50,74.568,-0.135345701,0.55531717,-0.00051156,-0.056438695,0.030368307,0.425513435,-1.692007038,0.688309668,-2.63560127,-0.061945171,-0.139803876,-0.664785583,1.700388122,0.003247919,3.302945943,3.069096526,11.3671796,0,0,1,0,0,0,0,0,0,0,0,0,0,0,0,0,0,0,0,0,0,0,0,0,0,0,0,0,3572.93213
1950,50,74.568,-0.135345701,0.55531717,-0.00051156,-0.056438695,0.030368307,0.425513435,-1.692007038,0.688309668,-2.63560127,-0.061945171,-0.139803876,-0.664785583,1.700388122,0.003247919,3.302945943,3.069096526,11.3671796,0,0,0,0,0,0,0,0,0,0,0,0,0,0,0,1,0,0,0,0,0,0,0,0,0,0,0,0,3573.1001
1950,50,74.568,-0.135345701,0.55531717,-0.00051156,-0.056438695,0.030368307,0.425513435,-1.692007038,0.688309668,-2.63560127,-0.061945171,-0.139803876,-0.664785583,1.700388122,0.003247919,3.302945943,3.069096526,11.3671796,0,0,0,0,0,0,0,0,0,0,0,0,0,0,0,0,1,0,0,0,0,0,0,0,0,0,0,0,3573.25684
1950,50,74.568,-0.135345701,0.55531717,-0.00051156,-0.056438695,0.030368307,0.425513435,-1.692007038,0.688309668,-2.63560127,-0.061945171,-0.139803876,-0.664785583,1.700388122,0.003247919,3.302945943,3.069096526,11.3671796,1,0,0,0,0,0,0,0,0,0,0,0,0,0,0,0,0,0,0,0,0,0,0,0,0,0,0,0,3573.39966
1950,50,74.568,-0.135345701,0.55531717,-0.00051156,-0.056438695,0.030368307,0.425513435,-1.692007038,0.688309668,-2.63560127,-0.061945171,-0.139803876,-0.664785583,1.700388122,0.003247919,3.302945943,3.069096526,11.3671796,0,1,0,0,0,0,0,0,0,0,0,0,0,0,0,0,0,0,0,0,0,0,0,0,0,0,0,0,3575.45288
1950,50,74.568,-0.135345701,0.55531717,-0.00051156,-0.056438695,0.030368307,0.425513435,-1.692007038,0.688309668,-2.63560127,-0.061945171,-0.139803876,-0.664785583,1.700388122,0.003247919,3.302945943,3.069096526,11.3671796,0,0,0,0,0,0,0,0,0,0,0,0,0,0,0,0,0,0,0,0,0,0,0,0,0,1,0,0,3575.50928
1950,50,74.568,-0.135345701,0.55531717,-0.00051156,-0.056438695,0.030368307,0.425513435,-1.692007038,0.688309668,-2.63560127,-0.061945171,-0.139803876,-0.664785583,1.700388122,0.003247919,3.302945943,3.069096526,11.3671796,0,0,0,0,0,0,0,0,0,0,0,0,1,0,0,0,0,0,0,0,0,0,0,0,0,0,0,0,3584.63501
1950,50,74.568,-0.135345701,0.55531717,-0.00051156,-0.056438695,0.030368307,0.425513435,-1.692007038,0.688309668,-2.63560127,-0.061945171,-0.139803876,-0.664785583,1.700388122,0.003247919,3.302945943,3.069096526,11.3671796,0,0,0,0,0,0,0,0,0,0,0,0,0,0,0,0,0,0,0,0,0,0,0,0,0,0,1,0,3584.65991
1950,50,74.568,-0.135345701,0.55531717,-0.00051156,-0.056438695,0.030368307,0.425513435,-1.692007038,0.688309668,-2.63560127,-0.061945171,-0.139803876,-0.664785583,1.700388122,0.003247919,3.302945943,3.069096526,11.3671796,0,0,0,0,1,0,0,0,0,0,0,0,0,0,0,0,0,0,0,0,0,0,0,0,0,0,0,0,3586.03418
1950,50,74.568,-0.135345701,0.55531717,-0.00051156,-0.056438695,0.030368307,0.425513435,-1.692007038,0.688309668,-2.63560127,-0.061945171,-0.139803876,-0.664785583,1.700388122,0.003247919,3.302945943,3.069096526,11.3671796,0,0,0,0,0,0,0,1,0,0,0,0,0,0,0,0,0,0,0,0,0,0,0,0,0,0,0,0,3603.06006
1950,50,74.568,-0.135345701,0.55531717,-0.00051156,-0.056438695,0.030368307,0.425513435,-1.692007038,0.688309668,-2.63560127,-0.061945171,-0.139803876,-0.664785583,1.700388122,0.003247919,3.302945943,3.069096526,11.3671796,0,0,0,0,0,0,0,0,0,0,0,0,0,0,0,0,0,1,0,0,0,0,0,0,0,0,0,0,3603.11499
1950,50,74.568,-0.135345701,0.55531717,-0.00051156,-0.056438695,0.030368307,0.425513435,-1.692007038,0.688309668,-2.63560127,-0.061945171,-0.139803876,-0.664785583,1.700388122,0.003247919,3.302945943,3.069096526,11.3671796,0,0,0,0,0,0,0,0,0,0,0,0,0,0,0,0,0,0,0,0,0,0,0,0,0,0,0,1,3603.13599
1950,50,74.568,-0.135345701,0.55531717,-0.00051156,-0.056438695,0.030368307,0.425513435,-1.692007038,0.688309668,-2.63560127,-0.061945171,-0.139803876,-0.664785583,1.700388122,0.003247919,3.302945943,3.069096526,11.3671796,0,0,0,0,0,0,0,0,0,0,0,0,0,0,0,0,0,0,1,0,0,0,0,0,0,0,0,0,3616.0481
1950,50,74.568,-0.135345701,0.55531717,-0.00051156,-0.056438695,0.030368307,0.425513435,-1.692007038,0.688309668,-2.63560127,-0.061945171,-0.139803876,-0.664785583,1.700388122,0.003247919,3.302945943,3.069096526,11.3671796,0,0,0,0,0,0,0,0,0,0,0,0,0,0,0,0,0,0,0,1,0,0,0,0,0,0,0,0,3618.86353
1950,50,74.568,-0.135345701,0.55531717,-0.00051156,-0.056438695,0.030368307,0.425513435,-1.692007038,0.688309668,-2.63560127,-0.061945171,-0.139803876,-0.664785583,1.700388122,0.003247919,3.302945943,3.069096526,11.3671796,0,0,0,0,0,0,1,0,0,0,0,0,0,0,0,0,0,0,0,0,0,0,0,0,0,0,0,0,3619.57422
1950,50,74.568,-0.135345701,0.55531717,-0.00051156,-0.056438695,0.030368307,0.425513435,-1.692007038,0.688309668,-2.63560127,-0.061945171,-0.139803876,-0.664785583,1.700388122,0.003247919,3.302945943,3.069096526,11.3671796,0,0,0,0,0,0,0,0,0,0,1,0,0,0,0,0,0,0,0,0,0,0,0,0,0,0,0,0,3857.07886
1950,50,74.568,-0.135345701,0.55531717,-0.00051156,-0.056438695,0.030368307,0.425513435,-1.692007038,0.688309668,-2.63560127,-0.061945171,-0.139803876,-0.664785583,1.700388122,0.003247919,3.302945943,3.069096526,11.3671796,0,0,0,0,0,0,0,0,0,0,0,0,0,0,0,0,0,0,0,0,1,0,0,0,0,0,0,0,3876.13623
1950,50,74.568,-0.135345701,0.55531717,-0.00051156,-0.056438695,0.030368307,0.425513435,-1.692007038,0.688309668,-2.63560127,-0.061945171,-0.139803876,-0.664785583,1.700388122,0.003247919,3.302945943,3.069096526,11.3671796,0,0,0,0,0,0,0,0,0,0,0,0,0,0,0,0,0,0,0,0,0,1,0,0,0,0,0,0,3876.43359
1950,50,74.568,-0.135345701,0.55531717,-0.00051156,-0.056438695,0.030368307,0.425513435,-1.692007038,0.688309668,-2.63560127,-0.061945171,-0.139803876,-0.664785583,1.700388122,0.003247919,3.302945943,3.069096526,11.3671796,0,0,0,0,0,0,0,0,0,0,0,0,0,0,0,0,0,0,0,0,0,0,1,0,0,0,0,0,3876.70215
1728,4,63.896,2.347444176,-1.659384713,2.437969218,-2.520911612,-2.35404771,-0.73856589,-2.022083328,-0.145485557,-1.846936849,0.065901509,-1.298339748,-0.805417957,-0.850952404,-0.003318852,0.707492703,0.337107453,13.69684974,0,0,0,1,0,0,0,0,0,0,0,0,0,0,0,0,0,0,0,0,0,0,0,0,0,0,0,0,977.28705
1728,4,63.896,2.347444176,-1.659384713,2.437969218,-2.520911612,-2.35404771,-0.73856589,-2.022083328,-0.145485557,-1.846936849,0.065901509,-1.298339748,-0.805417957,-0.850952404,-0.003318852,0.707492703,0.337107453,13.69684974,0,0,0,0,0,0,0,0,0,1,0,0,0,0,0,0,0,0,0,0,0,0,0,0,0,0,0,0,978.87537
1728,4,63.896,2.347444176,-1.659384713,2.437969218,-2.520911612,-2.35404771,-0.73856589,-2.022083328,-0.145485557,-1.846936849,0.065901509,-1.298339748,-0.805417957,-0.850952404,-0.003318852,0.707492703,0.337107453,13.69684974,0,0,0,0,0,0,0,0,0,0,0,0,0,0,1,0,0,0,0,0,0,0,0,0,0,0,0,0,994.62091
1728,4,63.896,2.347444176,-1.659384713,2.437969218,-2.520911612,-2.35404771,-0.73856589,-2.022083328,-0.145485557,-1.846936849,0.065901509,-1.298339748,-0.805417957,-0.850952404,-0.003318852,0.707492703,0.337107453,13.69684974,0,0,0,0,0,0,0,0,0,0,0,1,0,0,0,0,0,0,0,0,0,0,0,0,0,0,0,0,995.67834
1728,4,63.896,2.347444176,-1.659384713,2.437969218,-2.520911612,-2.35404771,-0.73856589,-2.022083328,-0.145485557,-1.846936849,0.065901509,-1.298339748,-0.805417957,-0.850952404,-0.003318852,0.707492703,0.337107453,13.69684974,0,0,0,0,0,0,0,0,0,0,0,0,0,0,0,0,0,0,0,0,0,0,0,1,0,0,0,0,999.23212
1728,4,63.896,2.347444176,-1.659384713,2.437969218,-2.520911612,-2.35404771,-0.73856589,-2.022083328,-0.145485557,-1.846936849,0.065901509,-1.298339748,-0.805417957,-0.850952404,-0.003318852,0.707492703,0.337107453,13.69684974,0,0,0,0,0,0,0,0,0,0,0,0,0,0,0,0,0,0,0,0,0,0,0,0,1,0,0,0,999.73309
1728,4,63.896,2.347444176,-1.659384713,2.437969218,-2.520911612,-2.35404771,-0.73856589,-2.022083328,-0.145485557,-1.846936849,0.065901509,-1.298339748,-0.805417957,-0.850952404,-0.003318852,0.707492703,0.337107453,13.69684974,0,0,0,0,0,1,0,0,0,0,0,0,0,0,0,0,0,0,0,0,0,0,0,0,0,0,0,0,999.90796
1728,4,63.896,2.347444176,-1.659384713,2.437969218,-2.520911612,-2.35404771,-0.73856589,-2.022083328,-0.145485557,-1.846936849,0.065901509,-1.298339748,-0.805417957,-0.850952404,-0.003318852,0.707492703,0.337107453,13.69684974,0,0,0,0,0,0,0,0,1,0,0,0,0,0,0,0,0,0,0,0,0,0,0,0,0,0,0,0,1005.37628
1728,4,63.896,2.347444176,-1.659384713,2.437969218,-2.520911612,-2.35404771,-0.73856589,-2.022083328,-0.145485557,-1.846936849,0.065901509,-1.298339748,-0.805417957,-0.850952404,-0.003318852,0.707492703,0.337107453,13.69684974,0,0,0,0,0,0,0,0,0,0,0,0,0,1,0,0,0,0,0,0,0,0,0,0,0,0,0,0,1007.77374
1728,4,63.896,2.347444176,-1.659384713,2.437969218,-2.520911612,-2.35404771,-0.73856589,-2.022083328,-0.145485557,-1.846936849,0.065901509,-1.298339748,-0.805417957,-0.850952404,-0.003318852,0.707492703,0.337107453,13.69684974,0,0,1,0,0,0,0,0,0,0,0,0,0,0,0,0,0,0,0,0,0,0,0,0,0,0,0,0,1007.8175
1728,4,63.896,2.347444176,-1.659384713,2.437969218,-2.520911612,-2.35404771,-0.73856589,-2.022083328,-0.145485557,-1.846936849,0.065901509,-1.298339748,-0.805417957,-0.850952404,-0.003318852,0.707492703,0.337107453,13.69684974,0,0,0,0,0,0,0,0,0,0,0,0,0,0,0,1,0,0,0,0,0,0,0,0,0,0,0,0,1007.83881
1728,4,63.896,2.347444176,-1.659384713,2.437969218,-2.520911612,-2.35404771,-0.73856589,-2.022083328,-0.145485557,-1.846936849,0.065901509,-1.298339748,-0.805417957,-0.850952404,-0.003318852,0.707492703,0.337107453,13.69684974,0,0,0,0,0,0,0,0,0,0,0,0,0,0,0,0,1,0,0,0,0,0,0,0,0,0,0,0,1007.87024
1728,4,63.896,2.347444176,-1.659384713,2.437969218,-2.520911612,-2.35404771,-0.73856589,-2.022083328,-0.145485557,-1.846936849,0.065901509,-1.298339748,-0.805417957,-0.850952404,-0.003318852,0.707492703,0.337107453,13.69684974,1,0,0,0,0,0,0,0,0,0,0,0,0,0,0,0,0,0,0,0,0,0,0,0,0,0,0,0,1007.98431
1728,4,63.896,2.347444176,-1.659384713,2.437969218,-2.520911612,-2.35404771,-0.73856589,-2.022083328,-0.145485557,-1.846936849,0.065901509,-1.298339748,-0.805417957,-0.850952404,-0.003318852,0.707492703,0.337107453,13.69684974,0,1,0,0,0,0,0,0,0,0,0,0,0,0,0,0,0,0,0,0,0,0,0,0,0,0,0,0,1008.22198
1728,4,63.896,2.347444176,-1.659384713,2.437969218,-2.520911612,-2.35404771,-0.73856589,-2.022083328,-0.145485557,-1.846936849,0.065901509,-1.298339748,-0.805417957,-0.850952404,-0.003318852,0.707492703,0.337107453,13.69684974,0,0,0,0,0,0,0,0,0,0,0,0,0,0,0,0,0,0,0,0,0,0,0,0,0,1,0,0,1008.24774
1728,4,63.896,2.347444176,-1.659384713,2.437969218,-2.520911612,-2.35404771,-0.73856589,-2.022083328,-0.145485557,-1.846936849,0.065901509,-1.298339748,-0.805417957,-0.850952404,-0.003318852,0.707492703,0.337107453,13.69684974,0,0,0,0,0,0,0,0,0,0,0,0,1,0,0,0,0,0,0,0,0,0,0,0,0,0,0,0,1008.7514
1728,4,63.896,2.347444176,-1.659384713,2.437969218,-2.520911612,-2.35404771,-0.73856589,-2.022083328,-0.145485557,-1.846936849,0.065901509,-1.298339748,-0.805417957,-0.850952404,-0.003318852,0.707492703,0.337107453,13.69684974,0,0,0,0,0,0,0,0,0,0,0,0,0,0,0,0,0,0,0,0,0,0,0,0,0,0,1,0,1008.75763
1728,4,63.896,2.347444176,-1.659384713,2.437969218,-2.520911612,-2.35404771,-0.73856589,-2.022083328,-0.145485557,-1.846936849,0.065901509,-1.298339748,-0.805417957,-0.850952404,-0.003318852,0.707492703,0.337107453,13.69684974,0,0,0,0,1,0,0,0,0,0,0,0,0,0,0,0,0,0,0,0,0,0,0,0,0,0,0,0,1009.05603
1728,4,63.896,2.347444176,-1.659384713,2.437969218,-2.520911612,-2.35404771,-0.73856589,-2.022083328,-0.145485557,-1.846936849,0.065901509,-1.298339748,-0.805417957,-0.850952404,-0.003318852,0.707492703,0.337107453,13.69684974,0,0,0,0,0,0,0,1,0,0,0,0,0,0,0,0,0,0,0,0,0,0,0,0,0,0,0,0,1009.28369
1728,4,63.896,2.347444176,-1.659384713,2.437969218,-2.520911612,-2.35404771,-0.73856589,-2.022083328,-0.145485557,-1.846936849,0.065901509,-1.298339748,-0.805417957,-0.850952404,-0.003318852,0.707492703,0.337107453,13.69684974,0,0,0,0,0,0,0,0,0,0,0,0,0,0,0,0,0,1,0,0,0,0,0,0,0,0,0,0,1009.297
1728,4,63.896,2.347444176,-1.659384713,2.437969218,-2.520911612,-2.35404771,-0.73856589,-2.022083328,-0.145485557,-1.846936849,0.065901509,-1.298339748,-0.805417957,-0.850952404,-0.003318852,0.707492703,0.337107453,13.69684974,0,0,0,0,0,0,0,0,0,0,0,0,0,0,0,0,0,0,0,0,0,0,0,0,0,0,0,1,1009.30109
1728,4,63.896,2.347444176,-1.659384713,2.437969218,-2.520911612,-2.35404771,-0.73856589,-2.022083328,-0.145485557,-1.846936849,0.065901509,-1.298339748,-0.805417957,-0.850952404,-0.003318852,0.707492703,0.337107453,13.69684974,0,0,0,0,0,0,0,0,0,0,0,0,0,0,0,0,0,0,1,0,0,0,0,0,0,0,0,0,1009.36279
1728,4,63.896,2.347444176,-1.659384713,2.437969218,-2.520911612,-2.35404771,-0.73856589,-2.022083328,-0.145485557,-1.846936849,0.065901509,-1.298339748,-0.805417957,-0.850952404,-0.003318852,0.707492703,0.337107453,13.69684974,0,0,0,0,0,0,0,0,0,0,0,0,0,0,0,0,0,0,0,1,0,0,0,0,0,0,0,0,1009.58466
1728,4,63.896,2.347444176,-1.659384713,2.437969218,-2.520911612,-2.35404771,-0.73856589,-2.022083328,-0.145485557,-1.846936849,0.065901509,-1.298339748,-0.805417957,-0.850952404,-0.003318852,0.707492703,0.337107453,13.69684974,0,0,0,0,0,0,1,0,0,0,0,0,0,0,0,0,0,0,0,0,0,0,0,0,0,0,0,0,1009.62506
1728,4,63.896,2.347444176,-1.659384713,2.437969218,-2.520911612,-2.35404771,-0.73856589,-2.022083328,-0.145485557,-1.846936849,0.065901509,-1.298339748,-0.805417957,-0.850952404,-0.003318852,0.707492703,0.337107453,13.69684974,0,0,0,0,0,0,0,0,0,0,1,0,0,0,0,0,0,0,0,0,0,0,0,0,0,0,0,0,1017.07562
1728,4,63.896,2.347444176,-1.659384713,2.437969218,-2.520911612,-2.35404771,-0.73856589,-2.022083328,-0.145485557,-1.846936849,0.065901509,-1.298339748,-0.805417957,-0.850952404,-0.003318852,0.707492703,0.337107453,13.69684974,0,0,0,0,0,0,0,0,0,0,0,0,0,0,0,0,0,0,0,0,1,0,0,0,0,0,0,0,1018.74225
1728,4,63.896,2.347444176,-1.659384713,2.437969218,-2.520911612,-2.35404771,-0.73856589,-2.022083328,-0.145485557,-1.846936849,0.065901509,-1.298339748,-0.805417957,-0.850952404,-0.003318852,0.707492703,0.337107453,13.69684974,0,0,0,0,0,0,0,0,0,0,0,0,0,0,0,0,0,0,0,0,0,1,0,0,0,0,0,0,1018.76599
1728,4,63.896,2.347444176,-1.659384713,2.437969218,-2.520911612,-2.35404771,-0.73856589,-2.022083328,-0.145485557,-1.846936849,0.065901509,-1.298339748,-0.805417957,-0.850952404,-0.003318852,0.707492703,0.337107453,13.69684974,0,0,0,0,0,0,0,0,0,0,0,0,0,0,0,0,0,0,0,0,0,0,1,0,0,0,0,0,1018.79016
1473,3,54.136,-0.121632205,1.152800403,-0.044778997,-0.195443992,0.307721896,-1.786225408,-0.219105149,2.191880331,-2.043635719,0.011406889,-1.982591086,1.147282658,-0.370743078,-0.000656641,0.90342163,0.767560355,10.77921382,0,0,0,1,0,0,0,0,0,0,0,0,0,0,0,0,0,0,0,0,0,0,0,0,0,0,0,0,921.37451
1473,3,54.136,-0.121632205,1.152800403,-0.044778997,-0.195443992,0.307721896,-1.786225408,-0.219105149,2.191880331,-2.043635719,0.011406889,-1.982591086,1.147282658,-0.370743078,-0.000656641,0.90342163,0.767560355,10.77921382,0,0,0,0,0,0,0,0,0,1,0,0,0,0,0,0,0,0,0,0,0,0,0,0,0,0,0,0,924.42932
1473,3,54.136,-0.121632205,1.152800403,-0.044778997,-0.195443992,0.307721896,-1.786225408,-0.219105149,2.191880331,-2.043635719,0.011406889,-1.982591086,1.147282658,-0.370743078,-0.000656641,0.90342163,0.767560355,10.77921382,0,0,0,0,0,0,0,0,0,0,0,0,0,0,1,0,0,0,0,0,0,0,0,0,0,0,0,0,934.54034
1473,3,54.136,-0.121632205,1.152800403,-0.044778997,-0.195443992,0.307721896,-1.786225408,-0.219105149,2.191880331,-2.043635719,0.011406889,-1.982591086,1.147282658,-0.370743078,-0.000656641,0.90342163,0.767560355,10.77921382,0,0,0,0,0,0,0,0,0,0,0,1,0,0,0,0,0,0,0,0,0,0,0,0,0,0,0,0,934.89783
1473,3,54.136,-0.121632205,1.152800403,-0.044778997,-0.195443992,0.307721896,-1.786225408,-0.219105149,2.191880331,-2.043635719,0.011406889,-1.982591086,1.147282658,-0.370743078,-0.000656641,0.90342163,0.767560355,10.77921382,0,0,0,0,0,0,0,0,0,0,0,0,0,0,0,0,0,0,0,0,0,0,0,1,0,0,0,0,937.15869
1473,3,54.136,-0.121632205,1.152800403,-0.044778997,-0.195443992,0.307721896,-1.786225408,-0.219105149,2.191880331,-2.043635719,0.011406889,-1.982591086,1.147282658,-0.370743078,-0.000656641,0.90342163,0.767560355,10.77921382,0,0,0,0,0,0,0,0,0,0,0,0,0,0,0,0,0,0,0,0,0,0,0,0,1,0,0,0,937.49292
1473,3,54.136,-0.121632205,1.152800403,-0.044778997,-0.195443992,0.307721896,-1.786225408,-0.219105149,2.191880331,-2.043635719,0.011406889,-1.982591086,1.147282658,-0.370743078,-0.000656641,0.90342163,0.767560355,10.77921382,0,0,0,0,0,1,0,0,0,0,0,0,0,0,0,0,0,0,0,0,0,0,0,0,0,0,0,0,937.61768
1473,3,54.136,-0.121632205,1.152800403,-0.044778997,-0.195443992,0.307721896,-1.786225408,-0.219105149,2.191880331,-2.043635719,0.011406889,-1.982591086,1.147282658,-0.370743078,-0.000656641,0.90342163,0.767560355,10.77921382,0,0,0,0,0,0,0,0,1,0,0,0,0,0,0,0,0,0,0,0,0,0,0,0,0,0,0,0,959.76385
1473,3,54.136,-0.121632205,1.152800403,-0.044778997,-0.195443992,0.307721896,-1.786225408,-0.219105149,2.191880331,-2.043635719,0.011406889,-1.982591086,1.147282658,-0.370743078,-0.000656641,0.90342163,0.767560355,10.77921382,0,0,0,0,0,0,0,0,0,0,0,0,0,1,0,0,0,0,0,0,0,0,0,0,0,0,0,0,963.789
1473,3,54.136,-0.121632205,1.152800403,-0.044778997,-0.195443992,0.307721896,-1.786225408,-0.219105149,2.191880331,-2.043635719,0.011406889,-1.982591086,1.147282658,-0.370743078,-0.000656641,0.90342163,0.767560355,10.77921382,0,0,1,0,0,0,0,0,0,0,0,0,0,0,0,0,0,0,0,0,0,0,0,0,0,0,0,0,963.87958
1473,3,54.136,-0.121632205,1.152800403,-0.044778997,-0.195443992,0.307721896,-1.786225408,-0.219105149,2.191880331,-2.043635719,0.011406889,-1.982591086,1.147282658,-0.370743078,-0.000656641,0.90342163,0.767560355,10.77921382,0,0,0,0,0,0,0,0,0,0,0,0,0,0,0,1,0,0,0,0,0,0,0,0,0,0,0,0,963.88806
1473,3,54.136,-0.121632205,1.152800403,-0.044778997,-0.195443992,0.307721896,-1.786225408,-0.219105149,2.191880331,-2.043635719,0.011406889,-1.982591086,1.147282658,-0.370743078,-0.000656641,0.90342163,0.767560355,10.77921382,0,0,0,0,0,0,0,0,0,0,0,0,0,0,0,0,1,0,0,0,0,0,0,0,0,0,0,0,963.91711
1473,3,54.136,-0.121632205,1.152800403,-0.044778997,-0.195443992,0.307721896,-1.786225408,-0.219105149,2.191880331,-2.043635719,0.011406889,-1.982591086,1.147282658,-0.370743078,-0.000656641,0.90342163,0.767560355,10.77921382,1,0,0,0,0,0,0,0,0,0,0,0,0,0,0,0,0,0,0,0,0,0,0,0,0,0,0,0,963.95367
1473,3,54.136,-0.121632205,1.152800403,-0.044778997,-0.195443992,0.307721896,-1.786225408,-0.219105149,2.191880331,-2.043635719,0.011406889,-1.982591086,1.147282658,-0.370743078,-0.000656641,0.90342163,0.767560355,10.77921382,0,1,0,0,0,0,0,0,0,0,0,0,0,0,0,0,0,0,0,0,0,0,0,0,0,0,0,0,964.58704
1473,3,54.136,-0.121632205,1.152800403,-0.044778997,-0.195443992,0.307721896,-1.786225408,-0.219105149,2.191880331,-2.043635719,0.011406889,-1.982591086,1.147282658,-0.370743078,-0.000656641,0.90342163,0.767560355,10.77921382,0,0,0,0,0,0,0,0,0,0,0,0,0,0,0,0,0,0,0,0,0,0,0,0,0,1,0,0,964.60852
1473,3,54.136,-0.121632205,1.152800403,-0.044778997,-0.195443992,0.307721896,-1.786225408,-0.219105149,2.191880331,-2.043635719,0.011406889,-1.982591086,1.147282658,-0.370743078,-0.000656641,0.90342163,0.767560355,10.77921382,0,0,0,0,0,0,0,0,0,0,0,0,1,0,0,0,0,0,0,0,0,0,0,0,0,0,0,0,965.04279
1473,3,54.136,-0.121632205,1.152800403,-0.044778997,-0.195443992,0.307721896,-1.786225408,-0.219105149,2.191880331,-2.043635719,0.011406889,-1.982591086,1.147282658,-0.370743078,-0.000656641,0.90342163,0.767560355,10.77921382,0,0,0,0,0,0,0,0,0,0,0,0,0,0,0,0,0,0,0,0,0,0,0,0,0,0,1,0,965.0481
1473,3,54.136,-0.121632205,1.152800403,-0.044778997,-0.195443992,0.307721896,-1.786225408,-0.219105149,2.191880331,-2.043635719,0.011406889,-1.982591086,1.147282658,-0.370743078,-0.000656641,0.90342163,0.767560355,10.77921382,0,0,0,0,1,0,0,0,0,0,0,0,0,0,0,0,0,0,0,0,0,0,0,0,0,0,0,0,965.23694
1473,3,54.136,-0.121632205,1.152800403,-0.044778997,-0.195443992,0.307721896,-1.786225408,-0.219105149,2.191880331,-2.043635719,0.011406889,-1.982591086,1.147282658,-0.370743078,-0.000656641,0.90342163,0.767560355,10.77921382,0,0,0,0,0,0,0,1,0,0,0,0,0,0,0,0,0,0,0,0,0,0,0,0,0,0,0,0,965.83173
1473,3,54.136,-0.121632205,1.152800403,-0.044778997,-0.195443992,0.307721896,-1.786225408,-0.219105149,2.191880331,-2.043635719,0.011406889,-1.982591086,1.147282658,-0.370743078,-0.000656641,0.90342163,0.767560355,10.77921382,0,0,0,0,0,0,0,0,0,0,0,0,0,0,0,0,0,1,0,0,0,0,0,0,0,0,0,0,965.85101
1473,3,54.136,-0.121632205,1.152800403,-0.044778997,-0.195443992,0.307721896,-1.786225408,-0.219105149,2.191880331,-2.043635719,0.011406889,-1.982591086,1.147282658,-0.370743078,-0.000656641,0.90342163,0.767560355,10.77921382,0,0,0,0,0,0,0,0,0,0,0,0,0,0,0,0,0,0,0,0,0,0,0,0,0,0,0,1,965.85443
1473,3,54.136,-0.121632205,1.152800403,-0.044778997,-0.195443992,0.307721896,-1.786225408,-0.219105149,2.191880331,-2.043635719,0.011406889,-1.982591086,1.147282658,-0.370743078,-0.000656641,0.90342163,0.767560355,10.77921382,0,0,0,0,0,0,0,0,0,0,0,0,0,0,0,0,0,0,1,0,0,0,0,0,0,0,0,0,966.01697
1473,3,54.136,-0.121632205,1.152800403,-0.044778997,-0.195443992,0.307721896,-1.786225408,-0.219105149,2.191880331,-2.043635719,0.011406889,-1.982591086,1.147282658,-0.370743078,-0.000656641,0.90342163,0.767560355,10.77921382,0,0,0,0,0,0,0,0,0,0,0,0,0,0,0,0,0,0,0,1,0,0,0,0,0,0,0,0,967.01953
1473,3,54.136,-0.121632205,1.152800403,-0.044778997,-0.195443992,0.307721896,-1.786225408,-0.219105149,2.191880331,-2.043635719,0.011406889,-1.982591086,1.147282658,-0.370743078,-0.000656641,0.90342163,0.767560355,10.77921382,0,0,0,0,0,0,1,0,0,0,0,0,0,0,0,0,0,0,0,0,0,0,0,0,0,0,0,0,967.11987
1473,3,54.136,-0.121632205,1.152800403,-0.044778997,-0.195443992,0.307721896,-1.786225408,-0.219105149,2.191880331,-2.043635719,0.011406889,-1.982591086,1.147282658,-0.370743078,-0.000656641,0.90342163,0.767560355,10.77921382,0,0,0,0,0,0,0,0,0,0,1,0,0,0,0,0,0,0,0,0,0,0,0,0,0,0,0,0,970.93964
1473,3,54.136,-0.121632205,1.152800403,-0.044778997,-0.195443992,0.307721896,-1.786225408,-0.219105149,2.191880331,-2.043635719,0.011406889,-1.982591086,1.147282658,-0.370743078,-0.000656641,0.90342163,0.767560355,10.77921382,0,0,0,0,0,0,0,0,0,0,0,0,0,0,0,0,0,0,0,0,1,0,0,0,0,0,0,0,977.08789
1473,3,54.136,-0.121632205,1.152800403,-0.044778997,-0.195443992,0.307721896,-1.786225408,-0.219105149,2.191880331,-2.043635719,0.011406889,-1.982591086,1.147282658,-0.370743078,-0.000656641,0.90342163,0.767560355,10.77921382,0,0,0,0,0,0,0,0,0,0,0,0,0,0,0,0,0,0,0,0,0,1,0,0,0,0,0,0,977.18909
1473,3,54.136,-0.121632205,1.152800403,-0.044778997,-0.195443992,0.307721896,-1.786225408,-0.219105149,2.191880331,-2.043635719,0.011406889,-1.982591086,1.147282658,-0.370743078,-0.000656641,0.90342163,0.767560355,10.77921382,0,0,0,0,0,0,0,0,0,0,0,0,0,0,0,0,0,0,0,0,0,0,1,0,0,0,0,0,977.25867
5620,10,203.424,-0.126658087,0.743545831,-0.009223166,-0.101943324,-0.008895774,-0.163815599,-1.516551078,-0.600012946,-0.946703524,-0.013774057,0.661146993,0.121590094,-0.775961667,0.000734761,1.95049658,1.812260814,12.44324215,0,0,0,1,0,0,0,0,0,0,0,0,0,0,0,0,0,0,0,0,0,0,0,0,0,0,0,0,1.19522
5620,10,203.424,-0.126658087,0.743545831,-0.009223166,-0.101943324,-0.008895774,-0.163815599,-1.516551078,-0.600012946,-0.946703524,-0.013774057,0.661146993,0.121590094,-0.775961667,0.000734761,1.95049658,1.812260814,12.44324215,0,0,0,0,0,0,0,0,0,1,0,0,0,0,0,0,0,0,0,0,0,0,0,0,0,0,0,0,22.75091
5620,10,203.424,-0.126658087,0.743545831,-0.009223166,-0.101943324,-0.008895774,-0.163815599,-1.516551078,-0.600012946,-0.946703524,-0.013774057,0.661146993,0.121590094,-0.775961667,0.000734761,1.95049658,1.812260814,12.44324215,0,0,0,0,0,0,0,0,0,0,0,0,0,0,1,0,0,0,0,0,0,0,0,0,0,0,0,0,143.54277
5620,10,203.424,-0.126658087,0.743545831,-0.009223166,-0.101943324,-0.008895774,-0.163815599,-1.516551078,-0.600012946,-0.946703524,-0.013774057,0.661146993,0.121590094,-0.775961667,0.000734761,1.95049658,1.812260814,12.44324215,0,0,0,0,0,0,0,0,0,0,0,1,0,0,0,0,0,0,0,0,0,0,0,0,0,0,0,0,156.73448
5620,10,203.424,-0.126658087,0.743545831,-0.009223166,-0.101943324,-0.008895774,-0.163815599,-1.516551078,-0.600012946,-0.946703524,-0.013774057,0.661146993,0.121590094,-0.775961667,0.000734761,1.95049658,1.812260814,12.44324215,0,0,0,0,0,0,0,0,0,0,0,0,0,0,0,0,0,0,0,0,0,0,0,1,0,0,0,0,190.44992
5620,10,203.424,-0.126658087,0.743545831,-0.009223166,-0.101943324,-0.008895774,-0.163815599,-1.516551078,-0.600012946,-0.946703524,-0.013774057,0.661146993,0.121590094,-0.775961667,0.000734761,1.95049658,1.812260814,12.44324215,0,0,0,0,0,0,0,0,0,0,0,0,0,0,0,0,0,0,0,0,0,0,0,0,1,0,0,0,193.63297
5620,10,203.424,-0.126658087,0.743545831,-0.009223166,-0.101943324,-0.008895774,-0.163815599,-1.516551078,-0.600012946,-0.946703524,-0.013774057,0.661146993,0.121590094,-0.775961667,0.000734761,1.95049658,1.812260814,12.44324215,0,0,0,0,0,1,0,0,0,0,0,0,0,0,0,0,0,0,0,0,0,0,0,0,0,0,0,0,195.57957
5620,10,203.424,-0.126658087,0.743545831,-0.009223166,-0.101943324,-0.008895774,-0.163815599,-1.516551078,-0.600012946,-0.946703524,-0.013774057,0.661146993,0.121590094,-0.775961667,0.000734761,1.95049658,1.812260814,12.44324215,0,0,0,0,0,0,0,0,1,0,0,0,0,0,0,0,0,0,0,0,0,0,0,0,0,0,0,0,581.01843
5620,10,203.424,-0.126658087,0.743545831,-0.009223166,-0.101943324,-0.008895774,-0.163815599,-1.516551078,-0.600012946,-0.946703524,-0.013774057,0.661146993,0.121590094,-0.775961667,0.000734761,1.95049658,1.812260814,12.44324215,0,0,0,0,0,0,0,0,0,0,0,0,0,1,0,0,0,0,0,0,0,0,0,0,0,0,0,0,694.13501
5620,10,203.424,-0.126658087,0.743545831,-0.009223166,-0.101943324,-0.008895774,-0.163815599,-1.516551078,-0.600012946,-0.946703524,-0.013774057,0.661146993,0.121590094,-0.775961667,0.000734761,1.95049658,1.812260814,12.44324215,0,0,1,0,0,0,0,0,0,0,0,0,0,0,0,0,0,0,0,0,0,0,0,0,0,0,0,0,694.60907
5620,10,203.424,-0.126658087,0.743545831,-0.009223166,-0.101943324,-0.008895774,-0.163815599,-1.516551078,-0.600012946,-0.946703524,-0.013774057,0.661146993,0.121590094,-0.775961667,0.000734761,1.95049658,1.812260814,12.44324215,0,0,0,0,0,0,0,0,0,0,0,0,0,0,0,1,0,0,0,0,0,0,0,0,0,0,0,0,694.84515
5620,10,203.424,-0.126658087,0.743545831,-0.009223166,-0.101943324,-0.008895774,-0.163815599,-1.516551078,-0.600012946,-0.946703524,-0.013774057,0.661146993,0.121590094,-0.775961667,0.000734761,1.95049658,1.812260814,12.44324215,0,0,0,0,0,0,0,0,0,0,0,0,0,0,0,0,1,0,0,0,0,0,0,0,0,0,0,0,694.98395
5620,10,203.424,-0.126658087,0.743545831,-0.009223166,-0.101943324,-0.008895774,-0.163815599,-1.516551078,-0.600012946,-0.946703524,-0.013774057,0.661146993,0.121590094,-0.775961667,0.000734761,1.95049658,1.812260814,12.44324215,1,0,0,0,0,0,0,0,0,0,0,0,0,0,0,0,0,0,0,0,0,0,0,0,0,0,0,0,695.14349
5620,10,203.424,-0.126658087,0.743545831,-0.009223166,-0.101943324,-0.008895774,-0.163815599,-1.516551078,-0.600012946,-0.946703524,-0.013774057,0.661146993,0.121590094,-0.775961667,0.000734761,1.95049658,1.812260814,12.44324215,0,1,0,0,0,0,0,0,0,0,0,0,0,0,0,0,0,0,0,0,0,0,0,0,0,0,0,0,697.93787
5620,10,203.424,-0.126658087,0.743545831,-0.009223166,-0.101943324,-0.008895774,-0.163815599,-1.516551078,-0.600012946,-0.946703524,-0.013774057,0.661146993,0.121590094,-0.775961667,0.000734761,1.95049658,1.812260814,12.44324215,0,0,0,0,0,0,0,0,0,0,0,0,0,0,0,0,0,0,0,0,0,0,0,0,0,1,0,0,698.0448
5620,10,203.424,-0.126658087,0.743545831,-0.009223166,-0.101943324,-0.008895774,-0.163815599,-1.516551078,-0.600012946,-0.946703524,-0.013774057,0.661146993,0.121590094,-0.775961667,0.000734761,1.95049658,1.812260814,12.44324215,0,0,0,0,0,0,0,0,0,0,0,0,1,0,0,0,0,0,0,0,0,0,0,0,0,0,0,0,703.75134
5620,10,203.424,-0.126658087,0.743545831,-0.009223166,-0.101943324,-0.008895774,-0.163815599,-1.516551078,-0.600012946,-0.946703524,-0.013774057,0.661146993,0.121590094,-0.775961667,0.000734761,1.95049658,1.812260814,12.44324215,0,0,0,0,0,0,0,0,0,0,0,0,0,0,0,0,0,0,0,0,0,0,0,0,0,0,1,0,703.78741
5620,10,203.424,-0.126658087,0.743545831,-0.009223166,-0.101943324,-0.008895774,-0.163815599,-1.516551078,-0.600012946,-0.946703524,-0.013774057,0.661146993,0.121590094,-0.775961667,0.000734761,1.95049658,1.812260814,12.44324215,0,0,0,0,1,0,0,0,0,0,0,0,0,0,0,0,0,0,0,0,0,0,0,0,0,0,0,0,705.43536
5620,10,203.424,-0.126658087,0.743545831,-0.009223166,-0.101943324,-0.008895774,-0.163815599,-1.516551078,-0.600012946,-0.946703524,-0.013774057,0.661146993,0.121590094,-0.775961667,0.000734761,1.95049658,1.812260814,12.44324215,0,0,0,0,0,0,0,1,0,0,0,0,0,0,0,0,0,0,0,0,0,0,0,0,0,0,0,0,718.16119
5620,10,203.424,-0.126658087,0.743545831,-0.009223166,-0.101943324,-0.008895774,-0.163815599,-1.516551078,-0.600012946,-0.946703524,-0.013774057,0.661146993,0.121590094,-0.775961667,0.000734761,1.95049658,1.812260814,12.44324215,0,0,0,0,0,0,0,0,0,0,0,0,0,0,0,0,0,1,0,0,0,0,0,0,0,0,0,0,718.45477
5620,10,203.424,-0.126658087,0.743545831,-0.009223166,-0.101943324,-0.008895774,-0.163815599,-1.516551078,-0.600012946,-0.946703524,-0.013774057,0.661146993,0.121590094,-0.775961667,0.000734761,1.95049658,1.812260814,12.44324215,0,0,0,0,0,0,0,0,0,0,0,0,0,0,0,0,0,0,0,0,0,0,0,0,0,0,0,1,718.46918
5620,10,203.424,-0.126658087,0.743545831,-0.009223166,-0.101943324,-0.008895774,-0.163815599,-1.516551078,-0.600012946,-0.946703524,-0.013774057,0.661146993,0.121590094,-0.775961667,0.000734761,1.95049658,1.812260814,12.44324215,0,0,0,0,0,0,0,0,0,0,0,0,0,0,0,0,0,0,1,0,0,0,0,0,0,0,0,0,725.22327
5620,10,203.424,-0.126658087,0.743545831,-0.009223166,-0.101943324,-0.008895774,-0.163815599,-1.516551078,-0.600012946,-0.946703524,-0.013774057,0.661146993,0.121590094,-0.775961667,0.000734761,1.95049658,1.812260814,12.44324215,0,0,0,0,0,0,0,0,0,0,0,0,0,0,0,0,0,0,0,1,0,0,0,0,0,0,0,0,729.08875
5620,10,203.424,-0.126658087,0.743545831,-0.009223166,-0.101943324,-0.008895774,-0.163815599,-1.516551078,-0.600012946,-0.946703524,-0.013774057,0.661146993,0.121590094,-0.775961667,0.000734761,1.95049658,1.812260814,12.44324215,0,0,0,0,0,0,1,0,0,0,0,0,0,0,0,0,0,0,0,0,0,0,0,0,0,0,0,0,730.32135
5620,10,203.424,-0.126658087,0.743545831,-0.009223166,-0.101943324,-0.008895774,-0.163815599,-1.516551078,-0.600012946,-0.946703524,-0.013774057,0.661146993,0.121590094,-0.775961667,0.000734761,1.95049658,1.812260814,12.44324215,0,0,0,0,0,0,0,0,0,0,1,0,0,0,0,0,0,0,0,0,0,0,0,0,0,0,0,0,896.89923
5620,10,203.424,-0.126658087,0.743545831,-0.009223166,-0.101943324,-0.008895774,-0.163815599,-1.516551078,-0.600012946,-0.946703524,-0.013774057,0.661146993,0.121590094,-0.775961667,0.000734761,1.95049658,1.812260814,12.44324215,0,0,0,0,0,0,0,0,0,0,0,0,0,0,0,0,0,0,0,0,1,0,0,0,0,0,0,0,920.66833
5620,10,203.424,-0.126658087,0.743545831,-0.009223166,-0.101943324,-0.008895774,-0.163815599,-1.516551078,-0.600012946,-0.946703524,-0.013774057,0.661146993,0.121590094,-0.775961667,0.000734761,1.95049658,1.812260814,12.44324215,0,0,0,0,0,0,0,0,0,0,0,0,0,0,0,0,0,0,0,0,0,1,0,0,0,0,0,0,921.0498
5620,10,203.424,-0.126658087,0.743545831,-0.009223166,-0.101943324,-0.008895774,-0.163815599,-1.516551078,-0.600012946,-0.946703524,-0.013774057,0.661146993,0.121590094,-0.775961667,0.000734761,1.95049658,1.812260814,12.44324215,0,0,0,0,0,0,0,0,0,0,0,0,0,0,0,0,0,0,0,0,0,0,1,0,0,0,0,0,921.34491
5000,3,181.104,-0.111213644,0.625527077,-0.001289197,-0.031567037,0.063351576,1.127383967,0.164771903,1.13454192,0.041147214,-0.001692847,-1.708973251,-1.041628955,0.074365627,-6.87e-05,0.930755353,0.864857636,12.31191909,0,0,0,1,0,0,0,0,0,0,0,0,0,0,0,0,0,0,0,0,0,0,0,0,0,0,0,0,1018.87219
5000,3,181.104,-0.111213644,0.625527077,-0.001289197,-0.031567037,0.063351576,1.127383967,0.164771903,1.13454192,0.041147214,-0.001692847,-1.708973251,-1.041628955,0.074365627,-6.87e-05,0.930755353,0.864857636,12.31191909,0,0,0,0,0,0,0,0,0,1,0,0,0,0,0,0,0,0,0,0,0,0,0,0,0,0,0,0,1028.44702
5000,3,181.104,-0.111213644,0.625527077,-0.001289197,-0.031567037,0.063351576,1.127383967,0.164771903,1.13454192,0.041147214,-0.001692847,-1.708973251,-1.041628955,0.074365627,-6.87e-05,0.930755353,0.864857636,12.31191909,0,0,0,0,0,0,0,0,0,0,0,0,0,0,1,0,0,0,0,0,0,0,0,0,0,0,0,0,1062.59888
5000,3,181.104,-0.111213644,0.625527077,-0.001289197,-0.031567037,0.063351576,1.127383967,0.164771903,1.13454192,0.041147214,-0.001692847,-1.708973251,-1.041628955,0.074365627,-6.87e-05,0.930755353,0.864857636,12.31191909,0,0,0,0,0,0,0,0,0,0,0,1,0,0,0,0,0,0,0,0,0,0,0,0,0,0,0,0,1063.95764
5000,3,181.104,-0.111213644,0.625527077,-0.001289197,-0.031567037,0.063351576,1.127383967,0.164771903,1.13454192,0.041147214,-0.001692847,-1.708973251,-1.041628955,0.074365627,-6.87e-05,0.930755353,0.864857636,12.31191909,0,0,0,0,0,0,0,0,0,0,0,0,0,0,0,0,0,0,0,0,0,0,0,1,0,0,0,0,1072.77368
5000,3,181.104,-0.111213644,0.625527077,-0.001289197,-0.031567037,0.063351576,1.127383967,0.164771903,1.13454192,0.041147214,-0.001692847,-1.708973251,-1.041628955,0.074365627,-6.87e-05,0.930755353,0.864857636,12.31191909,0,0,0,0,0,0,0,0,0,0,0,0,0,0,0,0,0,0,0,0,0,0,0,0,1,0,0,0,1073.37207
5000,3,181.104,-0.111213644,0.625527077,-0.001289197,-0.031567037,0.063351576,1.127383967,0.164771903,1.13454192,0.041147214,-0.001692847,-1.708973251,-1.041628955,0.074365627,-6.87e-05,0.930755353,0.864857636,12.31191909,0,0,0,0,0,1,0,0,0,0,0,0,0,0,0,0,0,0,0,0,0,0,0,0,0,0,0,0,1074.77197
5000,3,181.104,-0.111213644,0.625527077,-0.001289197,-0.031567037,0.063351576,1.127383967,0.164771903,1.13454192,0.041147214,-0.001692847,-1.708973251,-1.041628955,0.074365627,-6.87e-05,0.930755353,0.864857636,12.31191909,0,0,0,0,0,0,0,0,1,0,0,0,0,0,0,0,0,0,0,0,0,0,0,0,0,0,0,0,1375.64624
5000,3,181.104,-0.111213644,0.625527077,-0.001289197,-0.031567037,0.063351576,1.127383967,0.164771903,1.13454192,0.041147214,-0.001692847,-1.708973251,-1.041628955,0.074365627,-6.87e-05,0.930755353,0.864857636,12.31191909,0,0,0,0,0,0,0,0,0,0,0,0,0,1,0,0,0,0,0,0,0,0,0,0,0,0,0,0,1428.59253
5000,3,181.104,-0.111213644,0.625527077,-0.001289197,-0.031567037,0.063351576,1.127383967,0.164771903,1.13454192,0.041147214,-0.001692847,-1.708973251,-1.041628955,0.074365627,-6.87e-05,0.930755353,0.864857636,12.31191909,0,0,1,0,0,0,0,0,0,0,0,0,0,0,0,0,0,0,0,0,0,0,0,0,0,0,0,0,1428.73633
5000,3,181.104,-0.111213644,0.625527077,-0.001289197,-0.031567037,0.063351576,1.127383967,0.164771903,1.13454192,0.041147214,-0.001692847,-1.708973251,-1.041628955,0.074365627,-6.87e-05,0.930755353,0.864857636,12.31191909,0,0,0,0,0,0,0,0,0,0,0,0,0,0,0,1,0,0,0,0,0,0,0,0,0,0,0,0,1428.80188
5000,3,181.104,-0.111213644,0.625527077,-0.001289197,-0.031567037,0.063351576,1.127383967,0.164771903,1.13454192,0.041147214,-0.001692847,-1.708973251,-1.041628955,0.074365627,-6.87e-05,0.930755353,0.864857636,12.31191909,0,0,0,0,0,0,0,0,0,0,0,0,0,0,0,0,1,0,0,0,0,0,0,0,0,0,0,0,1428.8678
5000,3,181.104,-0.111213644,0.625527077,-0.001289197,-0.031567037,0.063351576,1.127383967,0.164771903,1.13454192,0.041147214,-0.001692847,-1.708973251,-1.041628955,0.074365627,-6.87e-05,0.930755353,0.864857636,12.31191909,1,0,0,0,0,0,0,0,0,0,0,0,0,0,0,0,0,0,0,0,0,0,0,0,0,0,0,0,1429.92896
5000,3,181.104,-0.111213644,0.625527077,-0.001289197,-0.031567037,0.063351576,1.127383967,0.164771903,1.13454192,0.041147214,-0.001692847,-1.708973251,-1.041628955,0.074365627,-6.87e-05,0.930755353,0.864857636,12.31191909,0,1,0,0,0,0,0,0,0,0,0,0,0,0,0,0,0,0,0,0,0,0,0,0,0,0,0,0,1431.56201
5000,3,181.104,-0.111213644,0.625527077,-0.001289197,-0.031567037,0.063351576,1.127383967,0.164771903,1.13454192,0.041147214,-0.001692847,-1.708973251,-1.041628955,0.074365627,-6.87e-05,0.930755353,0.864857636,12.31191909,0,0,0,0,0,0,0,0,0,0,0,0,0,0,0,0,0,0,0,0,0,0,0,0,0,1,0,0,1431.63147
5000,3,181.104,-0.111213644,0.625527077,-0.001289197,-0.031567037,0.063351576,1.127383967,0.164771903,1.13454192,0.041147214,-0.001692847,-1.708973251,-1.041628955,0.074365627,-6.87e-05,0.930755353,0.864857636,12.31191909,0,0,0,0,0,0,0,0,0,0,0,0,1,0,0,0,0,0,0,0,0,0,0,0,0,0,0,0,1433.1178
5000,3,181.104,-0.111213644,0.625527077,-0.001289197,-0.031567037,0.063351576,1.127383967,0.164771903,1.13454192,0.041147214,-0.001692847,-1.708973251,-1.041628955,0.074365627,-6.87e-05,0.930755353,0.864857636,12.31191909,0,0,0,0,0,0,0,0,0,0,0,0,0,0,0,0,0,0,0,0,0,0,0,0,0,0,1,0,1433.13098
5000,3,181.104,-0.111213644,0.625527077,-0.001289197,-0.031567037,0.063351576,1.127383967,0.164771903,1.13454192,0.041147214,-0.001692847,-1.708973251,-1.041628955,0.074365627,-6.87e-05,0.930755353,0.864857636,12.31191909,0,0,0,0,1,0,0,0,0,0,0,0,0,0,0,0,0,0,0,0,0,0,0,0,0,0,0,0,1433.75085
5000,3,181.104,-0.111213644,0.625527077,-0.001289197,-0.031567037,0.063351576,1.127383967,0.164771903,1.13454192,0.041147214,-0.001692847,-1.708973251,-1.041628955,0.074365627,-6.87e-05,0.930755353,0.864857636,12.31191909,0,0,0,0,0,0,0,1,0,0,0,0,0,0,0,0,0,0,0,0,0,0,0,0,0,0,0,0,1437.16455
5000,3,181.104,-0.111213644,0.625527077,-0.001289197,-0.031567037,0.063351576,1.127383967,0.164771903,1.13454192,0.041147214,-0.001692847,-1.708973251,-1.041628955,0.074365627,-6.87e-05,0.930755353,0.864857636,12.31191909,0,0,0,0,0,0,0,0,0,0,0,0,0,0,0,0,0,1,0,0,0,0,0,0,0,0,0,0,1437.23022
5000,3,181.104,-0.111213644,0.625527077,-0.001289197,-0.031567037,0.063351576,1.127383967,0.164771903,1.13454192,0.041147214,-0.001692847,-1.708973251,-1.041628955,0.074365627,-6.87e-05,0.930755353,0.864857636,12.31191909,0,0,0,0,0,0,0,0,0,0,0,0,0,0,0,0,0,0,0,0,0,0,0,0,0,0,0,1,1437.23804
5000,3,181.104,-0.111213644,0.625527077,-0.001289197,-0.031567037,0.063351576,1.127383967,0.164771903,1.13454192,0.041147214,-0.001692847,-1.708973251,-1.041628955,0.074365627,-6.87e-05,0.930755353,0.864857636,12.31191909,0,0,0,0,0,0,0,0,0,0,0,0,0,0,0,0,0,0,1,0,0,0,0,0,0,0,0,0,1437.85364
5000,3,181.104,-0.111213644,0.625527077,-0.001289197,-0.031567037,0.063351576,1.127383967,0.164771903,1.13454192,0.041147214,-0.001692847,-1.708973251,-1.041628955,0.074365627,-6.87e-05,0.930755353,0.864857636,12.31191909,0,0,0,0,0,0,0,0,0,0,0,0,0,0,0,0,0,0,0,1,0,0,0,0,0,0,0,0,1440.34631
5000,3,181.104,-0.111213644,0.625527077,-0.001289197,-0.031567037,0.063351576,1.127383967,0.164771903,1.13454192,0.041147214,-0.001692847,-1.708973251,-1.041628955,0.074365627,-6.87e-05,0.930755353,0.864857636,12.31191909,0,0,0,0,0,0,1,0,0,0,0,0,0,0,0,0,0,0,0,0,0,0,0,0,0,0,0,0,1440.66809
5000,3,181.104,-0.111213644,0.625527077,-0.001289197,-0.031567037,0.063351576,1.127383967,0.164771903,1.13454192,0.041147214,-0.001692847,-1.708973251,-1.041628955,0.074365627,-6.87e-05,0.930755353,0.864857636,12.31191909,0,0,0,0,0,0,0,0,0,0,1,0,0,0,0,0,0,0,0,0,0,0,0,0,0,0,0,0,1461.16064
5000,3,181.104,-0.111213644,0.625527077,-0.001289197,-0.031567037,0.063351576,1.127383967,0.164771903,1.13454192,0.041147214,-0.001692847,-1.708973251,-1.041628955,0.074365627,-6.87e-05,0.930755353,0.864857636,12.31191909,0,0,0,0,0,0,0,0,0,0,0,0,0,0,0,0,0,0,0,0,1,0,0,0,0,0,0,0,1476.43396
5000,3,181.104,-0.111213644,0.625527077,-0.001289197,-0.031567037,0.063351576,1.127383967,0.164771903,1.13454192,0.041147214,-0.001692847,-1.708973251,-1.041628955,0.074365627,-6.87e-05,0.930755353,0.864857636,12.31191909,0,0,0,0,0,0,0,0,0,0,0,0,0,0,0,0,0,0,0,0,0,1,0,0,0,0,0,0,1476.69409
5000,3,181.104,-0.111213644,0.625527077,-0.001289197,-0.031567037,0.063351576,1.127383967,0.164771903,1.13454192,0.041147214,-0.001692847,-1.708973251,-1.041628955,0.074365627,-6.87e-05,0.930755353,0.864857636,12.31191909,0,0,0,0,0,0,0,0,0,0,0,0,0,0,0,0,0,0,0,0,0,0,1,0,0,0,0,0,1476.87463
