"observed","predPCR","predPLS","Elastic","predRidge","predLasso","predSVM","predMars","predKNN"
18.950704775769,18.712246908886,16.7605454241228,17.6086085653999,17.1779029703601,17.362993360457,19.3987704811844,16.707922777553,18.5843624243622
18.9540907724077,18.7122468719596,17.5800382232638,17.6086085653999,17.8752706307044,17.830358990396,19.1416294367943,17.6962146320334,19.2351026653119
18.9537635562052,18.7122468885745,18.1258795008482,17.6086085653999,18.4136888519685,17.9070651290395,19.3477987885023,17.6962146320334,18.5889506843824
18.9531841971094,18.7122468602197,17.3374139590125,17.6086085653999,17.6469527325161,17.830358990396,19.4409527248789,17.6962146320334,18.5877539041317
18.9536560305426,18.7122468890722,17.4083487277278,17.6086085653999,17.6711547916369,17.830358990396,18.9312774962923,17.6962146320334,18.2747714943089
18.9539753745939,18.7122469067882,17.3948930828238,17.6086085653999,17.8858877203479,17.830358990396,19.1997760055656,17.6962146320334,19.4539519096425
18.9540513828792,18.7122469126086,17.6690097506323,17.6086085653999,17.8341523268238,17.830358990396,19.01106523541,17.6962146320334,18.5893493461153
18.9540977201242,18.7122468711979,17.2667348532506,17.6086085653999,17.5783433626676,17.830358990396,19.0080748689781,17.6962146320334,19.2570331242703
19.5873184904752,18.7138079055485,21.1110045875345,18.9503193548409,20.8859804633447,20.0499525643507,18.2945255063552,19.2546317734669,18.6054953406099
19.5866128402219,18.7138078496456,20.500332648809,18.9503193548409,20.5018055046258,19.8921930432865,20.1978602252089,19.2546317734669,19.2616674083368
19.581627181251,18.7138078894023,19.6370830858887,18.9503193548409,19.5828346374238,19.4248274133475,19.2884200176649,18.2663399189866,19.2471893476566
19.5870078501609,18.7138078931249,20.5455474123981,18.9503193548409,20.2390839938875,19.8921930432865,19.8466141776127,19.2546317734669,19.2624175043252
19.5870951231364,18.7138078524759,20.4565758850296,18.9503193548409,20.2802022977681,19.8921930432865,20.4665109230879,19.2546317734669,19.2625442129753
19.5873410302703,18.7138078474689,20.6859561190499,18.9503193548409,20.4397799450865,19.8921930432865,19.0369192881597,19.2546317734669,19.2630910270628
19.5894065593733,18.713807903565,21.0700690747604,18.9503193548409,20.9366473698239,20.1102695868855,19.7990090471831,19.2546317734669,19.2813639879242
19.5869264250505,18.7138078873045,20.2714307445897,18.9503193548409,20.2908193874116,19.8921930432865,20.505180370925,19.2546317734669,19.2622633178987
19.5870859221639,18.7138078498184,20.593556963056,18.9503193548409,20.3949092417847,19.8921930432865,19.6745014600729,19.2546317734669,19.2625229023247
18.9272107556662,18.7088986680272,19.938583373506,19.1640459639114,20.1012726699727,19.4310352306218,19.3201513987999,19.2448252813425,19.2891876829414
18.9027598511276,18.7088986114322,17.560839938098,18.6216672423206,17.9889928277718,18.0460277397483,19.1360140051516,17.8990327254086,19.2667389390998
18.9133021074271,18.7088986597046,19.228290591846,19.1640459639114,19.3863561992502,19.2129586870227,19.2150125003641,19.2448252813425,19.2753658206939
18.9233264665737,18.7088986700107,19.97951888628,19.1640459639114,20.0506057634934,19.3707182080869,19.1189998147037,19.2448252813425,19.2844597625187
18.9223099335152,18.7088986602792,19.8188219839299,19.1640459639114,19.8232936770665,19.2129586870227,19.6162262082806,19.2448252813425,19.2832479530944
36.1686531049133,18.6969634194407,28.2135086823739,27.2754760738295,28.6083812377854,27.9518284150161,34.2078517247817,33.9231759772219,18.0385360264908
36.1686701042059,18.69696342128,28.2389301044288,27.2754760738295,28.6929607808851,27.9518284150161,32.7086255337705,33.9231759772219,16.4583207917724
36.1696032620244,18.6969634233486,27.8818699706363,27.2754760738295,28.1744303059906,27.9518284150161,33.4316386876193,33.9231759772219,18.041228001203
36.1692777718544,18.6969634589389,28.0100282002095,27.2754760738295,28.481974663671,27.9518284150161,32.401609002286,33.9231759772219,18.0400690987299
36.1694902339561,18.6969634214528,28.3321544186759,27.2754760738295,28.586064518044,27.9518284150161,32.3829656982685,33.9231759772219,14.8302395168077
36.1686378070491,18.6969634675987,28.1376291038313,27.2754760738295,28.5115980413147,27.9518284150161,32.9725110831043,33.9231759772219,16.4028310963281
36.1684780212273,18.6969634412229,28.0234838451135,27.2754760738295,28.2672417349599,27.9518284150161,31.8871615063705,33.9231759772219,16.4576260919402
36.1694961820312,18.6969634241103,28.1951733406494,27.2754760738295,28.4713575740274,27.9518284150161,31.8620741648749,33.9231759772219,14.8302756030951
19.6130712828143,18.7068752865384,21.1447745340845,20.4131036061991,20.2812998073276,20.3678191811854,21.2173294862714,19.724015054929,19.5994589888808
19.6097591812955,18.706875247108,21.0691925423867,20.4131036061991,20.3071685450801,20.3678191811854,20.65685213868,19.724015054929,19.5994589888808
19.5976000417091,18.7068752350051,20.5285181329586,20.4131036061991,19.7300848997319,20.0430177364843,18.080964047999,18.829573624217,19.5994589888808
19.6093007231018,18.7068752819366,20.8840474019467,20.4131036061991,20.3177856347237,20.3678191811854,19.9183090317835,19.724015054929,19.5994589888808
19.5994791983144,18.7068752394603,20.9564537125755,20.4131036061991,20.0255030419833,20.3678191811854,19.7161703370344,19.724015054929,19.5994589888808
19.5992833597904,18.7068752353681,20.8265682781354,20.4131036061991,20.0788506468919,20.3678191811854,17.6549368034043,19.724015054929,19.5994589888808
19.6070866414961,18.7068752642206,20.8975030468507,20.4131036061991,20.1030527060126,20.3678191811854,19.0868635564924,19.724015054929,19.5994589888808
19.6091438801273,18.7068752889546,21.5088622752493,20.4131036061991,20.6607944135736,20.3678191811854,20.0084930296636,19.724015054929,19.5994589888808
19.6309460141937,18.714492655233,17.8750025885252,18.1029560246125,17.8620559526985,18.2276931857408,17.4888747708716,20.0935795999803,18.0167839262611
19.6284767797625,18.7144926507779,17.4470670089082,18.1029560246125,17.5666378104471,17.9028917410396,17.8445548356665,19.1991381692683,17.7060721849919
19.6524828610275,18.7144927059497,18.2628177158804,18.1029560246125,18.2819792320073,18.2276931857408,18.1224667782161,20.0935795999803,17.7203763004796
19.6525712580036,18.714492662119,17.6744380483231,18.1029560246125,17.8467941877585,18.2276931857408,18.0470648008925,20.0935795999803,18.0312465913617
19.6518668559323,18.7144926486101,18.5074863406458,18.1029560246125,18.6023618281477,18.2660274271814,18.0869682803095,20.0935795999803,19.5692280092844
19.6161833906349,18.7144926573749,16.2234911726591,17.5605773030217,16.6878866856503,17.0607622384663,17.8222927513857,18.7477870440465,17.6961392726442
19.6525026760036,18.7144926628807,17.9877414183363,18.1029560246125,18.1437214557953,18.2276931857408,18.1624222814558,20.0935795999803,17.7203802590225
19.6507417202842,18.7144926582111,18.0060767600607,18.1029560246125,18.2807451195533,18.2276931857408,18.0896846879449,20.0935795999803,17.7187982937772
19.6614777908303,18.7144927139698,18.6012346080671,18.1029560246125,18.8001665278512,18.4457697293398,18.2583033352675,20.0935795999803,17.7281163808261
19.661531826456,18.7144926597702,17.892541449073,18.1029560246125,18.103149705533,18.2276931857408,18.0855985789189,20.0935795999803,17.7281596751403
19.6511024583114,18.7144927062219,18.481473218491,18.1029560246125,18.522187534945,18.2276931857408,17.991146037684,20.0935795999803,17.7190823350228
19.6507231183373,18.7144927063691,17.9301971815181,18.1029560246125,18.1839619230826,18.2276931857408,18.2543952688111,20.0935795999803,19.2575572491744
19.5292043822255,18.7120136965183,17.3341904200088,17.9287442907624,17.4864416649442,17.744525334434,18.7941118076938,18.263191126235,17.7060721849919
19.5306212631236,18.7120137009735,17.7621259996258,17.9287442907624,17.7818598071956,18.0693267791351,18.4916243543489,19.1576325569471,17.6729232764985
19.522675406781,18.7120137031154,16.1106145837597,17.3863655691716,16.6076905401474,16.9023958318607,18.9302411904979,17.8118400010133,17.6961392726442
19.5375210291811,18.7120137616938,18.5292935319418,17.9287442907624,18.669303475869,18.2270863001993,19.1628748073647,19.1576325569471,19.317307639632
19.5393054677181,18.7120137480516,17.9504468211347,17.9287442907624,18.0376565725399,18.0693267791351,18.750599947127,19.1576325569471,18.9423674430297
19.5370420094821,18.7120137078595,17.5615614594237,17.9287442907624,17.7665980422556,18.0693267791351,18.7291018679478,19.1576325569471,17.6799082877172
19.5369973866589,18.7120137086212,17.8748648294369,17.9287442907624,18.0635253102924,18.0693267791351,18.8940886001911,19.1576325569471,18.939903732722
19.5359697649643,18.7120137252361,18.4207061070213,17.9287442907624,18.6019435315565,18.1460329177787,19.1923271578241,19.1576325569471,19.6105347669162
19.542167060104,18.7120137055107,17.7796648601736,17.9287442907624,18.0229535600301,18.0693267791351,18.7902258698814,19.1576325569471,17.7281596751403
19.5366374610311,18.7120137434498,17.6897196889969,17.9287442907624,18.074142399936,18.0693267791351,19.0496290301481,19.1576325569471,18.9395188959138
19.5591819130833,18.7160420692217,18.088694647924,18.1180137152792,18.07533115724,18.0324839478952,19.380421262571,19.73169853167,19.3019141913093
19.564316583476,18.716042065311,17.6705448394671,18.1180137152792,17.6709963403378,18.0324839478952,19.1654410484944,19.73169853167,17.6836661849119
19.5654170116168,18.716042019306,17.9979267987995,18.1180137152792,18.0367124521449,18.0324839478952,19.0749044735225,19.73169853167,16.1017559684258
19.5600966310858,18.7160420258806,17.5949628477693,18.1180137152792,17.6968650780903,18.0324839478952,18.2362620181519,19.73169853167,17.6726825839612
19.558544345491,18.7160420429931,17.4232733522333,18.1180137152792,17.4927492390228,18.0324839478952,17.7940121984832,19.73169853167,16.089517982021
19.5556165329704,18.7160420141407,17.352338583518,18.1180137152792,17.4685471799021,18.0324839478952,18.4491263486142,19.73169853167,17.6547971854018
19.5565128932368,18.7160420686471,17.4981632558401,18.1180137152792,17.6383936794237,18.0324839478952,18.1896041114233,19.73169853167,16.087480235195
19.5593144557414,18.7160420574382,18.0514354759607,18.1180137152792,17.9043730133003,18.0324839478952,19.5812633428761,19.73169853167,14.4973859735508
19.5600836277112,18.7160420232231,17.7319439257957,18.1180137152792,17.8115720221069,18.0324839478952,18.9724242493142,19.73169853167,14.8302395168077
19.5603168082191,18.7160420789532,18.2493915502742,18.1180137152792,18.3026432436669,18.1902434689594,19.058684272022,19.73169853167,17.6734238260742
18.9790860739204,18.7137767849261,18.6360002117729,18.2874021355409,18.9491090714103,18.522390605577,19.6348197656696,18.9471259469902,19.2863269529947
18.9669177820073,18.7137767606635,17.9774201043774,18.2874021355409,18.1290253470493,18.4456844669335,18.5439047715837,18.9471259469902,17.6815128523153
18.9770772067735,18.7137767854238,17.9184694386526,18.2874021355409,18.2065750110787,18.4456844669335,19.4629135843276,18.9471259469902,19.591408976013
18.9805664380962,18.7137767675496,17.7768555641754,18.2874021355409,18.1137635821094,18.4456844669335,19.1930789726016,18.9471259469902,17.6917932022213
18.9649617335739,18.7137768094788,18.0317387831869,18.2874021355409,18.4196792858287,18.4456844669335,19.3915949444817,18.9471259469902,19.578989751237
18.9878641918668,18.7137767617367,18.4931228852188,18.2874021355409,18.7505382242008,18.4456844669335,19.6541443085009,18.9471259469902,19.6017490959334
18.9799965827467,18.7137767540406,18.609903856498,18.2874021355409,18.8693312224986,18.4840187083741,19.4210249687463,18.9471259469902,19.2296846273745
18.9666907171062,18.7137767565714,17.8475346699373,18.2874021355409,18.182372951958,18.4456844669335,19.0766638061803,18.9471259469902,19.5805361550559
19.6759513247934,18.7240227020813,21.0097525020369,20.3053080081767,21.326833668541,20.7501930191243,20.2914527277489,19.8359174704072,17.0247669401123
19.6683044947635,18.7240226392523,20.1536350480549,20.3053080081767,20.4420706982969,20.5321164755253,20.2938989657724,19.8359174704072,16.9939535950161
19.6699768173527,18.7240226676071,20.9421005898905,20.3053080081767,21.2088068177492,20.6088226141689,20.0778849984589,19.8359174704072,17.0092891269889
19.6670916692159,18.7240226921597,20.3378391613045,20.3053080081767,20.6793770321676,20.5321164755253,19.6834430569419,19.8359174704072,15.4220329649989
19.6706651500499,18.7240226483347,20.5332403903326,20.3053080081767,20.7850955405017,20.5321164755253,19.3132284330646,19.8359174704072,14.8302395168077
19.6700089612773,18.7240226944806,20.3387150754879,20.3053080081767,20.7106290637724,20.5321164755253,19.2491413114654,19.8359174704072,16.626686722017
19.6706738051808,18.7240226509922,20.3962593123061,20.3053080081767,20.6703885964851,20.5321164755253,19.3233162612252,19.8359174704072,14.8302756030951
19.6708776949571,18.7240227040648,21.050688014811,20.3053080081767,21.2761667620617,20.6898759965895,19.6833269561196,19.8359174704072,14.8314586273146
18.9424989046025,18.715278271032,18.1869094108704,17.7642433598438,18.1352794016667,17.9313926252809,18.334223375117,18.8903818531118,18.5889506843824
18.9428578323381,18.7152782859748,18.0975407614774,17.7642433598438,17.8043691156125,17.8546864866373,18.3618339923424,18.8903818531118,18.2533481340119
18.9429363021203,18.7152782892458,17.4559229928461,17.7642433598438,17.6074782700461,17.8546864866373,18.2929325362498,18.8903818531118,19.2504274265748
18.9431341075904,18.7152782544172,17.641068133286,17.7642433598438,17.5968611804025,17.8546864866373,18.1753683085784,18.8903818531118,19.2351026653119
18.9434632744179,18.7152783074897,18.2954968357909,17.7642433598438,18.2026393459792,18.0124460077015,18.1572536831629,18.8903818531118,18.2811633047285
18.9425225839977,18.7152782497475,17.6594034750104,17.7642433598438,17.7338848441605,17.8546864866373,18.0810901142336,18.8903818531118,18.280660706113
18.9505308870204,18.7152782478426,18.0440320843163,17.7642433598438,17.9367085544572,17.8546864866373,18.0824670771056,18.8903818531118,18.9288529872015
19.5772166902241,18.7112647850086,21.3639294198589,20.8360940775695,20.9710221423973,21.1838776197031,20.9579109385272,19.810308086445,19.2400746003807
19.581390220674,18.7112647895459,21.3814682804067,20.8360940775695,21.2121158952318,21.1838776197031,19.7541196485099,19.810308086445,19.7955466889994
19.5787475502084,18.7112648092712,22.0225095272544,20.8360940775695,21.7911058667582,21.2605837583467,19.7549320938358,19.810308086445,19.7929797669894
19.5772200305106,18.7112648354229,21.3798686577408,20.8360940775695,21.1942162468275,21.1838776197031,19.7592310176889,19.810308086445,19.5765108613413
19.5813626263178,18.7112647860818,21.8796322007003,20.8360940775695,21.5925350195487,21.1838776197031,19.7506158135137,19.810308086445,19.2465639560851
19.5792270944004,18.7112647926564,21.47666824967,20.8360940775695,21.2526876454941,21.1838776197031,19.3001832455023,19.810308086445,19.5792091151248
19.5813781010837,18.7112648437455,22.0901614394008,20.8360940775695,21.90913271755,21.4019541633021,19.6817036163051,19.810308086445,19.5816846488142
19.5787630144357,18.7112648361447,21.4191240128518,20.8360940775695,21.2929281127815,21.1838776197031,19.6007903136246,19.810308086445,19.5786702845055
19.5206759353952,18.7062016928354,18.2238507715438,18.3208971471849,18.505597296649,18.5996269790304,19.637673166371,19.8049829902378,19.2351026653119
19.5216643615163,18.7062017322658,18.2994327632416,18.3208971471849,18.4797285588965,18.5996269790304,19.609601031879,19.8049829902378,18.2548779341363
19.5201196271167,18.7062017094502,18.7696920491282,18.3208971471849,19.0440155179131,18.676333117674,20.113535876568,19.8049829902378,18.5889506843824
19.5186542980297,18.7062017356019,18.1270511796146,18.3208971471849,18.4471258979824,18.5996269790304,19.7434484310761,19.8049829902378,18.2513835041701
19.5179740557453,18.7062017340029,18.1654306205422,18.3208971471849,18.5145857323316,18.5996269790304,19.7926543488499,19.8049829902378,18.9462755999912
19.5204940260513,18.7062016785647,18.7435956938534,18.3208971471849,18.9642376690014,18.6379612204711,19.9312205690616,19.8049829902378,18.253443984506
19.5206662366964,18.7062016901779,18.3608318495703,18.3208971471849,18.6203042406657,18.5996269790304,19.863672688805,19.8049829902378,18.9486024638102
19.5186661097671,18.7062016851877,18.1111119417327,18.3208971471849,18.2239317935522,18.5996269790304,19.0739655862387,19.8049829902378,18.918401347048
19.5185795532431,18.7062016810955,17.9812265072926,18.3208971471849,18.2772793984608,18.5996269790304,19.353400697605,19.8049829902378,18.2734741314173
19.570879707296,18.7121786713528,19.0684912106248,18.6930222073556,19.1851682836846,18.9793500226197,19.6292989405216,20.4020136508885,18.2810413592553
19.5707114208274,18.7121786631124,18.6082697726407,18.6930222073556,19.0575275971162,18.9793500226197,19.8004696320969,20.4020136508885,19.2431801349835
19.5701520846901,18.7121786453964,18.6217254175447,18.6930222073556,18.8427946684052,18.9793500226197,19.8044380002203,20.4020136508885,18.2527254663451
19.5684029753362,18.7121786161809,18.2527405036526,18.6930222073556,18.4698268621244,18.6545485779186,19.9909217039763,19.5075722201764,18.2792639558826
19.5691396042496,18.7121786206361,18.6806760832695,18.6930222073556,18.7652450043758,18.9793500226197,19.7143218737092,20.4020136508885,18.9247405573678
19.5729055735178,18.7121786217093,19.1963788641109,18.6930222073556,19.3867578815273,18.9793500226197,19.945524410626,20.4020136508885,18.9288529872015
19.6786316039856,18.7135517919231,21.7736615557703,21.27481018947,21.3122174134688,21.3646993192301,18.5064780264873,20.0993619189451,19.5831931595326
19.6759690247855,18.7135517515886,20.1945564505331,20.7324314678791,19.8457655536802,20.1977683719556,17.8177315480902,18.7535693630112,19.2253104737288
19.6787262150979,18.713551754437,22.0957877742366,21.27481018947,21.4163072678419,21.3646993192301,18.4684351002075,20.0993619189451,19.233235717207
19.6787323820408,18.7135517570945,21.9588066962102,21.27481018947,21.3016003238252,21.3646993192301,18.153108756588,20.0993619189451,19.2374024539816
19.6785180518857,18.7135518004356,22.452538496365,21.27481018947,21.6800664029749,21.3646993192301,19.7002829514374,20.0993619189451,19.5829788375916
19.6786340640614,18.7135517428238,22.4785516185197,21.27481018947,21.7602406961776,21.4030335606708,18.3800398029796,20.0993619189451,19.233023449823
19.6780618172697,18.713551799861,21.862007104281,21.27481018947,21.2431289251586,21.3646993192301,18.6463069701215,20.0993619189451,19.2337254818576
19.6784691020126,18.7135517542641,22.0025634599895,21.27481018947,21.523203530683,21.3646993192301,18.8134089084885,20.0993619189451,19.5828660301959
19.6797853898191,18.7135517505199,22.3617706472405,21.27481018947,21.6414476978798,21.3646993192301,18.8075060202254,20.0993619189451,19.2405472235525
19.6793103286561,18.7135517965249,22.034388687908,21.27481018947,21.2757315860727,21.3646993192301,19.3472274274072,20.0993619189451,19.5849300589779
19.6784649905426,18.7135517524248,21.9771420379346,21.27481018947,21.4386239875832,21.3646993192301,18.3866702726869,20.0993619189451,19.5828582953834
18.8868170389341,18.7113372465276,23.5185841144357,22.3783892245611,22.9360984037015,22.6377086090664,19.726247093414,19.4653708359609,19.5831050075496
18.8863488103693,18.7113372018506,23.1226711453525,22.3783892245611,22.8040757420657,22.6377086090664,19.1735489715465,19.4653708359609,19.5828660301959
18.8865625501573,18.7113372480221,23.5726461817279,22.3783892245611,22.9609386143577,22.6377086090664,20.0564581473231,19.4653708359609,19.5829788375916
18.8876156439898,18.7113372577535,23.733343084078,22.3783892245611,23.1882507007846,22.7954681301306,19.921386311299,19.4653708359609,19.5835868993852
18.8863347374103,18.7113372000113,23.0972497232976,22.3783892245611,22.7194961989659,22.6377086090664,19.4444491587899,19.4653708359609,19.5828582953834
18.8872927556525,18.7113372039192,22.76561101156,22.3783892245611,22.2855452671712,22.6377086090664,19.5415859080409,19.4653708359609,19.5833990875865
18.8869637451731,18.7113372395095,22.8937692411332,22.3783892245611,22.5930896248515,22.6377086090664,18.9755119615575,19.4653708359609,19.5831931595326
18.8868400184142,18.7113372362386,23.5353870097645,22.3783892245611,22.7899804704179,22.6377086090664,19.9551057284428,19.4653708359609,19.6287975697153
18.8888128715897,18.7113372441113,23.1544963732709,22.3783892245611,22.5566037974554,22.6377086090664,19.5843379892955,19.4653708359609,19.5849300589779
18.8857656859433,18.7113372217935,22.9072248860372,22.3783892245611,22.3783566961405,22.6377086090664,19.496419424843,19.4653708359609,19.5824735498646
18.8835732998864,18.7113371970332,22.966175551762,22.3783892245611,22.3008070321111,22.6377086090664,20.9286673049855,19.4653708359609,19.6310117030426
19.4488129001863,18.7129775568919,15.331569609048,16.1976635120919,14.8399099986457,15.1595470762525,18.6727327118949,19.0730473796788,19.3173749886933
19.4448937880664,18.7129775611373,14.7888860050146,16.1976635120919,14.3834050832905,15.1595470762525,19.4447902420782,19.0730473796788,13.1423051095727
19.4349754490438,18.7129776053874,15.0446451382095,16.1976635120919,14.7205728186146,15.1595470762525,18.3332472321881,19.0730473796788,15.3956322953511
19.514656715193,18.7129775587885,15.0069894057645,16.1976635120919,14.639760601065,15.1595470762525,18.7390392417687,19.0730473796788,15.5164191349768
19.0871974351326,18.7129775542513,14.9894505452166,16.1976635120919,14.3986668482305,15.1595470762525,15.4097874519262,19.0730473796788,7.31336266581988
19.0849414545263,18.7129775501591,14.8595651107765,16.1976635120919,14.4520144531391,15.1595470762525,14.4677261894467,19.0730473796788,12.131058217283
19.4383148626514,18.7129776037456,15.5418591078903,16.1976635120919,15.0339582198208,15.1595470762525,18.9389792799124,19.0730473796788,15.7385533743636
19.4383982864979,18.7129775934566,15.5586620032191,16.1976635120919,14.8878402865373,15.1595470762525,18.7820053283035,19.0730473796788,15.7387629142587
20.0159647491179,18.7107642340742,18.9242865715458,18.5568618163421,18.7354686102356,18.8338871221893,19.4104763089724,20.3124629657196,18.6049028617193
20.0135750893485,18.7107641816853,18.5926907799261,18.5568618163421,18.548269015928,18.8338871221893,19.5111966404661,20.3124629657196,18.6017061281767
20.0161186577046,18.7107641926635,18.5220116741642,18.5568618163421,18.4796596460794,18.8338871221893,19.4080061106782,20.3124629657196,19.2725869816186
20.0162744934711,18.7107642464978,19.4897437466822,18.5568618163421,19.3823650796928,18.9916466432535,19.6250667930489,20.3124629657196,18.6054953406099
20.0158977360974,18.7107642282538,18.6501699037374,18.5568618163421,18.7872040037598,18.8338871221893,19.5548928178095,20.3124629657196,19.2504274265748
20.0157122695502,18.7107642367664,19.3290468443321,18.5568618163421,19.1550529932659,18.8338871221893,19.449035548139,20.3124629657196,18.2751581074642
20.0152606536198,18.7107642105378,18.6636255486414,18.5568618163421,18.5724710750487,18.8338871221893,19.4573611919757,20.3124629657196,18.6039733901778
20.0156055132712,18.7107641905949,18.8790718079567,18.5568618163421,18.998190120974,18.8338871221893,19.5775595282214,20.3124629657196,18.6043984423513
10.9140645319741,18.7124417732696,19.7680496263037,20.5232943453148,20.1015997230925,20.5550448017178,15.7959743126664,15.3001490110696,22.301098127521
17.8584883920637,18.7124417780869,19.9245452198941,20.5232943453148,20.6048684330471,20.5550448017178,16.8381195381758,15.3001490110696,23.6034102454973
18.0067537984355,18.7124418239863,20.1558647536589,20.5232943453148,20.5215230024013,20.5550448017178,16.6025730519436,15.3001490110696,21.4199997806188
17.8571013148487,18.7124418244057,19.8232442192966,20.5232943453148,20.4235056934766,20.5550448017178,16.8026456223933,15.3001490110696,21.3830480962833
17.8739680832408,18.7124418227639,20.3204581889774,20.5232943453148,20.7368910946828,20.5550448017178,16.9390825488161,15.3001490110696,23.6066409747626
18.1142349603551,18.7124417759102,20.1101686901351,20.5232943453148,20.5428428735077,20.5550448017178,16.6114595757012,15.3001490110696,23.6504199010774
18.106984373656,18.7124418339899,20.5352171586197,20.5232943453148,20.9890433917659,20.712804322782,17.3950105239801,15.3001490110696,23.6491874949544
19.960053006843,18.7014087362121,19.4998884003633,18.8032540199246,19.6009773755165,19.0896451988903,19.9629062955951,20.6129821679738,19.2863269529947
19.9640624598735,18.7014087053266,19.4737920450885,18.8032540199246,19.5211995266048,19.0512733016875,19.8359150581367,20.6129821679738,19.2622684335098
19.7383207501706,18.7014087623638,18.8572475308497,18.8032540199246,19.0040877555857,19.0129390602468,19.2265256078715,20.6129821679738,19.613913899515
19.9303358731238,18.7014087367098,18.782357627243,18.8032540199246,18.8584433151849,19.0129390602468,20.2059069503758,20.6129821679738,19.6241433128806
18.9283297879202,18.7149270891298,18.3584172245388,18.3530990486885,18.8468333770881,18.6669615516526,19.7006342137932,19.0803144112672,18.7308272534734
18.9285695029305,18.7149270869531,18.5440406947797,18.3530990486885,18.7848078175488,18.6669615516526,19.6758997247909,19.0803144112672,18.73116822833
18.9283074440244,18.714927108575,18.8605017383438,18.3530990486885,19.1636483914945,18.7436676902961,19.6159587676127,19.0803144112672,18.7308099621969
18.9280053738157,18.7149270798573,17.7739860513314,18.3530990486885,18.0481465248821,18.3421601069514,19.7392363856971,18.1858729805551,19.4804803582602
18.9282213467991,18.7149271347267,18.2178608688303,18.3530990486885,18.5667587715637,18.6669615516526,19.496031246877,19.0803144112672,19.48090557101
18.9282446252013,18.7149270843125,18.2019216309483,18.3530990486885,18.3435646671336,18.6669615516526,19.4452095315033,19.0803144112672,18.9247405573678
18.9285210802813,18.7149270911985,18.0013570907463,18.3530990486885,18.3283029021936,18.6669615516526,19.5726636129686,19.0803144112672,19.235129589913
18.9285653088583,18.7149271450328,18.9690891632643,18.3530990486885,19.231008335807,18.8247210727168,19.5266500318199,19.0803144112672,18.7311595555167
18.9285108428443,18.7149271350292,18.5897367583036,18.3530990486885,18.7634879464423,18.6669615516526,18.9429813931553,19.0803144112672,18.2810413592553
18.9027533030447,18.7214540429425,18.2565512031187,18.4810312890091,18.5805221555318,18.7110507352893,18.4848923285325,18.9568375521933,19.5477950341718
18.8996379186138,18.7214540991256,19.0061798748868,18.4810312890091,19.2268720713707,18.8688102563535,18.5553175875584,18.9568375521933,19.5459568906146
18.8907429240128,18.7214540405472,16.5875009267048,17.9386525674183,17.165259135649,17.5441197880148,18.6183577862156,17.6110449962594,19.5400630883367
18.8989096806023,18.7214540878996,18.7914209052445,18.4810312890091,18.9747197742876,18.7110507352893,18.8731923200241,18.9568375521933,19.5455160890674
18.8993025757767,18.7214540433955,18.4887322504084,18.4810312890091,18.7358008498107,18.7110507352893,18.7534727277377,18.9568375521933,19.5539242653297
18.8984826163153,18.7214540626679,18.8975924499663,18.4810312890091,19.1595121270582,18.7877568739328,18.7860344325204,18.9568375521933,18.5889506843824
18.8985097470138,18.7214540413834,18.3700865141064,18.4810312890091,18.758117569552,18.7110507352893,18.4941502696039,18.9568375521933,19.5452844198409
18.8993180167115,18.721454089122,18.626827469926,18.4810312890091,18.759351682006,18.7110507352893,18.0674908565788,18.9568375521933,18.5643340441211
18.8952077489204,18.7214540339501,17.8110767629539,18.4810312890091,18.0440102604458,18.3862492905881,18.8745536015478,18.0623961214812,18.5618668095281
18.8960894569378,18.7214540343131,18.1091269081307,18.4810312890091,18.3927760076058,18.7110507352893,18.6519104432993,18.9568375521933,18.5877539041317
18.8952896645342,18.7214540872205,18.2933310213803,18.4810312890091,18.6300823414766,18.7110507352893,18.672543479035,18.9568375521933,19.5488970137872
20.0066499812788,18.7228269967446,19.5251854739695,19.5622592976121,19.5471408257668,19.9568749063467,20.3686019162944,19.6283083040535,17.5318079510464
20.0068201018816,18.722827025597,19.5961202426848,19.5622592976121,19.5713428848875,19.9568749063467,19.7908352221201,19.6283083040535,17.5322204806648
20.0069527716417,18.7228270077227,19.4545063682076,19.5622592976121,19.4785314559182,19.9568749063467,20.492978420602,19.6283083040535,18.6412946079959
20.006974619289,18.722827061557,20.4222384407256,19.5622592976121,20.3812368895316,20.1146344274109,20.2415528384477,19.6283083040535,18.7311595555167
20.0069773522373,18.7228270034774,19.997189972241,19.5622592976121,19.9350363712735,19.9568749063467,20.5973237067965,19.6283083040535,17.5326413997341
20.0069480888514,18.7228270515535,20.0428860357649,19.5622592976121,19.913716500167,19.9568749063467,20.1408551992351,19.6283083040535,17.6099238427681
20.0069496551093,18.7228270084845,19.7678097382207,19.5622592976121,19.775458723955,19.9568749063467,19.7131221028276,19.6283083040535,18.1908893023372
20.0069367734257,18.7228270491335,19.8567812655893,19.5622592976121,19.7343404200744,19.9568749063467,20.405959573663,19.6283083040535,18.8103559613554
18.9340878602414,18.7099123844281,17.5627327756534,17.2318162725815,17.3508673090396,17.1148460074352,19.0584329762812,19.0872578490382,18.5064555099767
18.9342217738556,18.7099123960413,17.1799689313704,17.2318162725815,17.0069338807039,17.0765117659945,19.3547935590277,19.0872578490382,16.9321799718334
18.9337042347612,18.7099124421871,16.9854436165257,17.2318162725815,16.9324674039745,17.0765117659945,19.3966386347019,19.0872578490382,18.5060054196773
18.9337102728484,18.7099123940291,17.0613231950684,17.2318162725815,17.0292506004452,17.0765117659945,19.1903406234749,19.0872578490382,18.5060234872261
18.9358606443631,18.7099123955883,16.9477878840807,17.2318162725815,16.8516551864249,17.0765117659945,18.9964710837046,19.0872578490382,18.5120224899624
18.9332661619438,18.709912391051,16.9302490235328,17.2318162725815,16.6105614335904,17.0765117659945,18.8048053473164,19.0872578490382,18.0030819774926
18.9339000028254,18.7099124302564,17.4994604815353,17.2318162725815,17.0997348718972,17.0765117659945,19.4689061417487,19.0872578490382,17.5304030276323
20.0085761459588,18.7162366058936,18.0706374973299,18.0874557522841,17.8541980230157,18.3118390010083,19.3669316228886,19.9050424767675,18.9247405573678
20.0087040969851,18.7162366306539,18.0116868316051,18.0874557522841,17.9317476870451,18.3118390010083,19.1129585354246,19.9050424767675,18.267823404443
20.0089038155064,18.7162366108839,18.3203574051675,18.0874557522841,18.2505704701292,18.3118390010083,19.3034096956337,19.9050424767675,19.2624770719819
20.0089069310648,18.7162366566104,18.4584526246852,18.0874557522841,18.2741213023245,18.3118390010083,18.8664773786279,19.9050424767675,18.2810413592553
20.0089080974016,18.7162366135414,18.183376327141,18.0874557522841,18.1358635261126,18.3118390010083,19.0694546161064,19.9050424767675,19.2496981423831
20.0089159102551,18.7162366127797,17.8700729571279,18.0874557522841,17.8389362580758,18.3118390010083,19.3568971912669,19.9050424767675,19.5458059638019
20.0092517418872,18.7162366529718,18.2589583188388,18.0874557522841,18.10999478836,18.3118390010083,18.878756956185,19.9050424767675,18.2818568230804
20.0094651022332,18.7162366069668,18.5863402781713,18.0874557522841,18.4757109001672,18.3118390010083,19.1115476181459,19.9050424767675,18.9419964784461
20.0094857748742,18.7162366646305,18.7968695168718,18.0874557522841,18.7923085981684,18.5299155446073,19.0829057948039,19.9050424767675,18.2825074282525
13.2917290612113,18.7144875181641,18.4688509748485,18.1186080341306,17.7653373887903,18.2038848963871,14.9134998433436,13.4215831099702,18.2316420425984
13.308101213172,18.7144875424267,19.127431082244,18.1186080341306,18.5854211131512,18.2805910350307,14.5418403833374,13.4215831099702,19.8331305081152
13.2872803855792,18.7144875137089,18.0409153952315,18.1186080341306,17.4699192465389,17.879083451686,13.6068226811652,12.5271416792581,18.2300983100365
13.3116259449163,18.7144875688808,18.8566661022037,18.1186080341306,18.1852606680991,18.2038848963871,14.533546447461,13.4215831099702,18.2381818037471
13.3116368399339,18.7144875258118,18.5815898046596,18.1186080341306,18.0470028918871,18.2038848963871,13.7081479130985,13.4215831099702,18.2381851198811
13.313289802862,18.7144875788844,19.2360185071645,18.1186080341306,18.6527810574637,18.3616444174513,14.7223666883945,13.4215831099702,19.6164347764985
13.313423772197,18.7144875208048,18.8109700386799,18.1186080341306,18.2065805392055,18.2038848963871,14.447814884615,13.4215831099702,18.2387032328845
13.3285188439586,18.7144875769009,19.1950829943904,18.1186080341306,18.703447963943,18.4219614399862,13.9804861843673,13.4215831099702,18.2432287679277
19.6012298958245,18.7135937011754,19.2716507654078,19.2155037183747,19.6383968075891,19.5325219525089,20.1604083384655,19.2814233443786,19.8012643847659
19.6017139340689,18.7135936892446,19.7856676304174,19.2155037183747,19.8056642755118,19.5325219525089,20.1376813198748,19.2814233443786,19.7761799247537
19.6013898583928,18.7135937010281,19.8229268023807,19.2155037183747,19.9766224194515,19.5325219525089,20.1903126068561,19.2814233443786,19.5616400800584
19.5960046559729,18.7135936988545,19.2707748512243,19.2155037183747,19.6071447759844,19.5325219525089,20.240009622599,19.2814233443786,19.7711324333745
19.5970514797918,18.7135936500393,19.2164561724149,19.2155037183747,19.316490837205,19.5325219525089,19.9559881181099,19.2814233443786,19.7987933664806
19.6012107341627,18.7135936743018,19.8750362798104,19.2155037183747,20.1365745615659,19.6092280911524,19.9637141773376,19.2814233443786,19.8331305081152
19.6122109990967,18.7135936545765,19.2339950329627,19.2155037183747,19.5575845900395,19.5325219525089,20.1561321637892,19.2814233443786,19.4843688362478
16.4595465578591,18.7133773155263,17.8530294465331,17.9248941435844,18.0682642477699,18.0963233038521,17.5455138782555,16.2536745716421,19.5944174268582
16.4602512859024,18.7133772722198,17.901038997191,17.9248941435844,18.2240894956671,18.0963233038521,17.4985088061736,16.2536745716421,19.5947275331654
16.4584387683545,18.7133773183657,17.7065136823464,17.9248941435844,18.1496230189378,18.0963233038521,17.4319738085892,16.2536745716421,19.2172471074741
16.4591425514066,18.7133773167239,18.2037276520272,17.9248941435844,18.463008420144,18.0963233038521,17.3824705189082,16.2536745716421,19.5940802070478
16.4591684584818,18.7133773064349,18.220530547356,17.9248941435844,18.3168904868604,18.0963233038521,17.3470985884133,16.2536745716421,19.5940993489689
16.4593551684577,18.7133772606066,18.2838028414741,17.9248941435844,18.5680229240028,18.1346575452928,17.1872077658029,16.2536745716421,19.2178478093322
16.4493327307206,18.7133772631374,17.5214336549133,17.9248941435844,17.8810646534622,18.0963233038521,17.1282529451168,16.2536745716421,19.5805361550559
16.4583934320932,18.7133772914921,18.309899196749,17.9248941435844,18.6478007729146,18.1730294424957,17.737572445998,16.2536745716421,19.6105347669162
16.4610094856937,18.7133773279499,18.4184866216695,17.9248941435844,18.7151607172271,18.2540828249163,17.6003640646478,16.2536745716421,19.317307639632
24.2970798052815,18.7121971131678,25.3137226894421,23.6331024909595,24.5464477772163,24.3140001890401,23.0486596774533,24.0294271837971,23.6961775533916
24.2867824121697,18.7121971564743,25.2657131387842,23.6331024909595,24.3906225293191,24.3140001890401,22.9565670159388,24.0294271837971,23.6961775533916
23.362903293592,18.7121971103195,23.4124913657385,23.0907237693687,22.9759060630547,23.1470692417656,23.2862144245226,22.6836346278632,23.6961775533916
24.2858419497956,18.7121971015547,25.6964865337252,23.6331024909595,24.8903812055521,24.3523344304808,23.4188424302267,24.0294271837971,23.6961775533916
23.4308076030686,18.7121971081776,25.0640027816046,23.6331024909595,24.1500753301029,24.3140001890401,21.7387816166259,24.0294271837971,23.6961775533916
24.1814327684306,18.7121971329379,25.0050521158798,23.6331024909595,24.2276249941322,24.3140001890401,23.6411209993355,24.0294271837971,23.6961775533916
24.2832738288264,18.7121971591665,25.6704734115704,23.6331024909595,24.8102069123494,24.3140001890401,24.1068877956841,24.0294271837971,23.6961775533916
24.2819402383623,18.7121971111557,25.1950769531401,23.6331024909595,24.5687644969576,24.3140001890401,24.3597832808204,24.0294271837971,23.6961775533916
15.3537018353919,15.198485972437,15.5241767421216,15.9737585320935,14.4401981209871,15.1649795122998,14.8390000970161,15.38350571616,14.2466566119875
15.6179212201726,15.1984859719392,16.2417075152419,15.9737585320935,15.1827321813187,15.2416856509434,15.0181247355006,15.38350571616,14.2466566119875
15.6851253580941,15.198486008397,16.3502949401624,15.9737585320935,15.2500921256312,15.322739033364,13.5262689319771,15.38350571616,14.2466566119875
16.3008765620504,15.1984860064135,16.3093594273883,15.9737585320935,15.3007590321105,15.3830560558988,15.257068233742,15.38350571616,14.2466566119875
22.8853525296997,18.7130585625172,19.7720727054016,20.3498409658539,19.8428083439875,20.2718956062154,22.5141417593255,22.4346924029129,21.2468381884879
22.8721028080508,18.7130585632789,20.0853760754148,20.3498409658539,20.1397356120243,20.2718956062154,22.3374775783921,22.4346924029129,21.1786066204543
17.4531542040604,18.7118933233582,17.6762033560454,18.2274306694098,18.027993768143,18.1533612687448,16.9576106702071,18.0065214799998,19.4686506923771
17.4532166394559,18.7118933291786,17.9503200238539,18.2274306694098,17.9762583746188,18.1533612687448,16.9511423786973,18.0065214799998,18.8083910483163
17.4532619593966,18.7118933315986,18.1364247940295,18.2274306694098,18.1556344547114,18.1533612687448,16.825039284485,18.0065214799998,18.2810413592553
17.458578524866,18.7118933396187,18.4748416862162,18.2274306694098,18.6738217505553,18.3714378123438,16.9919710007511,18.0065214799998,18.2825074282525
17.4532745741603,18.7118932877679,17.5480451264722,18.2274306694098,17.7204494104626,18.1533612687448,17.6517456400297,18.0065214799998,18.5913889775735
17.4519935760025,18.7118932764267,17.3206740870573,18.2274306694098,17.4402930331512,17.8285598240437,17.9669470017066,17.1120800492877,18.8070570318329
17.4527006105966,18.7118933312962,17.7645489045562,18.2274306694098,17.9589052798327,18.1533612687448,17.1965238589317,18.0065214799998,18.8075736546346
17.452709906618,18.7118932808819,17.7486096666743,18.2274306694098,17.7357111754026,18.1533612687448,16.8413604440463,18.0065214799998,18.2824311421973
16.4111263004204,18.7138151153092,19.0903448106303,19.4152529157494,19.4484265976588,19.4716153339326,16.3524462470754,16.9353842826621,16.4047494947007
16.4027986396593,18.7138151150067,18.718468921157,19.4152529157494,19.2516974227801,19.4716153339326,15.3335422457723,16.9353842826621,16.455438906189
16.367035840619,18.7138151134077,18.7568483620845,19.4152529157494,19.3191572571294,19.4716153339326,16.2435931427418,16.9353842826621,16.3933581497088
16.4054387272714,18.7138150893527,18.6435790175503,19.4152529157494,19.1060529823793,19.4716153339326,15.3361713975353,16.9353842826621,16.4576260919402
16.4370452520832,18.7138150656656,19.2182324641164,19.4152529157494,19.6500161955014,19.4716153339326,16.5640264727892,16.9353842826621,14.1220764497343
16.4070018872343,18.7138151157285,18.757724276268,19.4152529157494,19.3504092887341,19.4716153339326,16.1593133612974,16.9353842826621,16.4028310963281
16.4071087006375,18.7138150694098,18.8590252768655,19.4152529157494,19.5317720283045,19.4716153339326,16.2947126861862,16.9353842826621,16.402890013924
16.4076939192979,18.7138151037978,19.2717411412776,19.4152529157494,19.5176767566568,19.4716153339326,17.2849091295342,16.9353842826621,14.4973859735508
16.4071573597006,18.7138151155813,19.3090003132409,19.4152529157494,19.6886349005965,19.4716153339326,17.1625915552095,16.9353842826621,19.3019141913093
17.6118058472686,18.7118375275993,19.2657553950271,18.8804895270731,19.3163583733682,18.9136904000262,17.4815554711477,18.0145858613681,18.7300416895005
17.6118020459323,18.7118375766986,18.5608653322777,18.8804895270731,18.8683350906593,18.8753561585855,16.6756583816845,18.0145858613681,19.4676837455808
17.6116453282377,18.7118375390396,18.789767236497,18.8804895270731,19.0793212078735,18.8753561585855,16.946904933106,18.0145858613681,18.7298680980343
17.6100346736556,18.7118375363641,16.9817602270405,18.3381108054823,17.4018832308708,17.7084252113111,17.2525488931839,16.6687933054342,18.7282597048679
17.6109045482118,18.7118375297671,18.2053360632896,18.8804895270731,18.2806343556676,18.5505547138844,17.7884839707821,17.120144430656,20.0073996611719
17.611901262364,18.7118375949426,19.4004391752225,18.8804895270731,19.4634961665924,19.0331156796497,17.0614867949919,18.0145858613681,18.7311595555167
17.6118560294501,18.71183754187,18.7460104727176,18.8804895270731,18.8577180010158,18.8753561585855,16.598907162529,18.0145858613681,18.1908893023372
17.612196032478,18.7118375813004,18.8215924644154,18.8804895270731,18.8318492632632,18.8753561585855,16.6884094341731,18.0145858613681,18.7325752812127
17.6116374384449,18.7118375853584,18.6884662358994,18.8804895270731,18.8979584683031,18.8753561585855,16.8160379605936,18.0145858613681,18.7298610453662
17.9749973136852,18.7954495849234,19.5935233017217,19.1905215318069,19.1793225068,19.3436634231056,17.759743641411,18.0482371964753,18.3770860672611
19.577567564549,18.7954496481153,20.7476909008805,19.1905215318069,20.4128512242041,19.8865414114057,19.9490451415376,18.9426786271874,18.3770860672611
18.0388499102202,18.7954495852864,19.8915734468985,19.1905215318069,19.52808825396,19.6684648678067,19.6572815389122,18.9426786271874,18.3770860672611
19.3651245027734,18.7954496500988,20.7886264136546,19.1905215318069,20.3621843177248,19.8262243888709,20.4180359608096,18.9426786271874,18.3770860672611
18.050221432215,18.7954495893785,20.0214588813386,19.1905215318069,19.4747406490514,19.6684648678067,18.9558966555799,18.9426786271874,18.3770860672611
19.2968740560184,18.7954496318549,19.9490525707098,19.1905215318069,19.7670232417918,19.6684648678067,19.8991204266853,18.9426786271874,18.3770860672611
19.2969095115343,18.7954495827556,20.6539426334593,19.1905215318069,20.2150465245006,19.7067991092474,19.1109212095051,18.9426786271874,18.3770860672611
19.2880700933798,18.7954496285839,20.5906703393411,19.1905215318069,19.9639140873582,19.6684648678067,19.8966635642171,18.9426786271874,18.3770860672611
12.9118744009588,18.710213139659,14.2387955612596,14.4024086933982,13.2069700017836,12.8779840454288,12.0860363035648,12.8340073073151,11.2950675554568
12.8680941405548,18.7102131181441,14.040839486946,14.4024086933982,12.808699771417,12.7202245243646,13.1322885775735,12.8340073073151,13.5995404875871
12.8618620864714,18.7102131032013,14.1302081363391,14.4024086933982,13.1396100574711,12.7969306630082,12.532943782481,12.8340073073151,13.5883984979075
13.1670477718691,18.7102131260168,13.6599488504525,14.4024086933982,12.5753230984545,12.7202245243646,12.649654110242,12.8340073073151,14.0872223686104
12.4094389580881,18.7102130789387,13.4716280289435,14.4024086933982,12.3195263331102,12.7202245243646,12.5090495651468,12.8340073073151,14.8222985056659
12.8795520341728,18.7102131272354,13.6733383861232,14.4024086933982,12.5600735323264,12.7202245243646,12.5262382381672,12.8340073073151,15.5780767380999
12.9003501012752,18.7102131296554,13.8594431562988,14.4024086933982,12.739449612419,12.7202245243646,12.8845113865258,12.8340073073151,11.292735301857
24.4967213380862,18.7126029783894,21.9725160727145,22.2188512203636,22.0439369777451,22.3338959891013,24.6881839040478,24.6610220261294,19.2550160263074
24.4953928718909,18.7126029870492,22.1001169763363,22.2188512203636,22.0735603553888,22.3338959891013,24.2189544310314,24.6610220261294,18.9041748299107
24.4419042931237,18.7126029318209,21.9150369489032,22.2188512203636,21.8050019899133,22.3338959891013,22.249985743651,24.6610220261294,18.8983136917243
24.4422153946048,18.7126029863274,22.0608616212253,22.2188512203636,21.9748484894348,22.3338959891013,23.2078197494053,24.6610220261294,19.2337254818576
24.5239506414286,18.7126029404503,22.0624612438912,22.2188512203636,21.9927481378392,22.3338959891013,24.6188678061675,24.6610220261294,18.9089875024526
24.4213752589182,18.712602938055,20.3934109674773,21.6764724987728,20.5774851179565,21.1669650418269,22.6133434089525,23.3152294701955,19.228049981115
24.4954424679472,18.7126029407305,22.2014179769338,22.2188512203636,22.2549230949592,22.3338959891013,24.4684464953321,24.6610220261294,19.2545202963316
9.46167718874404,18.7107325586478,12.9589942173935,14.8671247843478,12.6049848347718,13.4361478384899,11.3040720335903,10.5747030917188,9.01440819596904
11.8398902883591,18.7107325614962,14.8602255410971,15.4095035059386,14.1755265489334,14.6030787857643,12.3152025531363,11.9204956476527,14.1101215596125
11.8402396173781,18.7107326072227,14.9983207606147,15.4095035059386,14.1990773811288,14.6030787857643,12.9613908003926,11.9204956476527,14.1117774491752
9.50937776517826,18.7107326010801,13.9037516639297,15.4095035059386,13.3634519445726,14.1357131558254,11.5612708451194,10.9322037931723,10.2864875866722
11.8547221574502,18.7107325591466,14.9526246970909,15.4095035059386,14.2203972522352,14.6030787857643,12.6500121599842,11.9204956476527,19.3173749886933
11.8124843551707,18.7107325594841,14.7415798047951,15.4095035059386,14.1978432686748,14.6030787857643,11.9494030300209,11.9204956476527,19.2071103041161
11.8128137529508,18.7107325613233,14.76700122685,15.4095035059386,14.2824228117745,14.6030787857643,12.4132246913049,11.9204956476527,14.0719741044688
9.80714956871084,18.7107326053212,14.664824312069,15.4095035059386,14.0698080405994,14.6030787857643,13.0084954027018,11.9204956476527,19.3489330971815
9.90083767328207,18.7107325524138,14.4806201988194,15.4095035059386,13.8325017067286,14.6030787857643,8.57002076332524,11.9204956476527,12.131058217283
11.8423792564881,18.710732563392,14.4099410930575,15.4095035059386,13.76389233688,14.6030787857643,12.8671603759125,11.9204956476527,14.1943128146115
11.8324767487249,18.7107326048027,14.8122159904392,15.4095035059386,14.0197013010362,14.6030787857643,12.9310387487014,11.9204956476527,14.0992590836176
9.08011804074067,18.7289608672221,10.6163159884403,11.8565977367374,10.8339654837099,11.3387607833599,9.08704886896794,7.4744530284461,16.0255057859117
4.28926343172723,18.7289609115002,10.6530958067019,11.8565977367374,10.8835256696547,11.3387607833599,9.88390838078799,7.4744530284461,21.7138787646082
8.73839288926251,18.7289609018903,11.167988585895,11.8565977367374,11.0820451691821,11.3387607833599,9.23268684801869,7.4744530284461,15.7387629142587
4.65951654313702,18.7289609130992,10.6147163657744,11.8565977367374,10.8160658353055,11.3387607833599,9.01072978501395,7.4744530284461,17.1310463444506
8.73740623101096,18.7289609121793,11.1511856905662,11.8565977367374,11.2281631024657,11.3387607833599,9.25505792381676,7.4744530284461,15.7385533743636
4.24438371405248,18.7289608582298,10.1708415482755,11.8565977367374,10.2974535886239,11.0139593386588,6.29152833849251,6.58001159773404,14.4330506885336
8.81192862421728,18.7289608653256,10.9408961917239,11.8565977367374,11.0341148812906,11.3387607833599,9.50861710521209,7.4744530284461,19.8129301740011
9.07700223321833,18.7289608637581,11.1144799087339,11.8565977367374,11.2143846080268,11.3387607833599,9.99315737312139,7.4744530284461,18.2022231338978
8.70806464761397,18.728960865663,10.729851299428,11.8565977367374,11.0115608977301,11.3387607833599,9.56527099679163,7.4744530284461,21.8974844251551
8.70589003288299,18.728960913821,10.6539717208854,11.8565977367374,10.9147777012595,11.3387607833599,9.65693637137262,7.4744530284461,18.086012431701
13.2465796736878,18.6926437636212,19.3637425711407,19.7122762446043,19.752496953758,19.7060452152013,14.6080572833349,13.4056083778061,18.0385360264908
13.2464650440339,18.6926437849056,19.8912485070007,19.7122762446043,20.1538915112642,19.7827513538448,14.5510331016018,13.4056083778061,12.8641801635573
13.2083608565379,18.6926438052172,18.5259144302753,19.7122762446043,18.9181056296558,19.2386795852623,13.5606372310774,12.4173165233258,17.9826574944515
13.2388730599562,18.6926437565509,19.102782965165,19.7122762446043,19.3871553918118,19.7060452152013,14.3207050632521,13.4056083778061,12.8142418222386
13.2496569640983,18.6926437675291,19.0321038594031,19.7122762446043,19.3185460219633,19.7060452152013,14.6812465906785,13.4056083778061,18.041228001203
13.2677508032858,18.6926438193799,19.9589004191471,19.7122762446043,20.2719183620559,19.9241217588003,14.6540952126687,13.4056083778061,18.0012852374271
13.267810068629,18.6926437651803,19.250207260153,19.7122762446043,19.5749015397378,19.7060452152013,14.6502565054485,13.4056083778061,18.0565810824144
13.2317545235718,18.6926437561879,18.8047328199882,19.7122762446043,19.0383896446518,19.3812437705001,14.2690845087191,12.5111669470941,18.0120792620222
13.2483695073616,18.6926437540201,19.8651521517258,19.7122762446043,20.0741136623524,19.7443794566419,14.7646735936554,13.4056083778061,18.040076544359
13.2472479416165,18.6926437998484,19.8018798576077,19.7122762446043,19.82298122521,19.7060452152013,14.720940970615,13.4056083778061,14.4973859735508
13.2466773857227,18.692643811632,19.839139029571,19.7122762446043,19.9939393691498,19.7060452152013,14.9179584571202,13.4056083778061,18.6408553479232
13.247207689321,18.6926438101374,19.7850769622789,19.7122762446043,19.9690991584936,19.7060452152013,14.4398326426757,13.4056083778061,18.0389105003601
17.6077521470112,18.7141744196705,18.5613513081509,17.9943468406669,18.5432449621868,18.2722541540406,19.4584682711211,19.042924267976,19.2622611243437
17.6078321753002,18.7141744126525,17.9365364348483,17.9943468406669,18.2002361833369,18.2722541540406,19.4271929723378,19.042924267976,19.4539519096425
17.6080228749157,18.7141743770622,17.8083782052751,17.9943468406669,17.8926918256565,18.2722541540406,19.1781988048903,19.042924267976,19.235129589913
17.6100008095462,18.7141743712493,18.5246455263185,17.9943468406669,18.5294664677479,18.2722541540406,19.2197593558315,19.042924267976,18.9288529872015
17.607985505858,18.7141743751664,18.2586626533147,17.9943468406669,18.30432603771,18.2722541540406,19.3963002487997,19.042924267976,19.2624770719819
17.6079974678111,18.7141743778239,18.1216815752883,17.9943468406669,18.1896190936933,18.2722541540406,19.2191425898277,19.042924267976,19.2351026653119
17.6075336843497,18.7141744213123,18.0641373384701,17.9943468406669,18.2298595609806,18.2722541540406,19.5451816424314,19.042924267976,19.2620892195705
17.6065873379859,18.7141743701761,18.0089427454772,17.9943468406669,17.9079535905965,18.2722541540406,19.2438663346636,19.042924267976,18.9247405573678
17.6058932339724,18.7141744189914,18.0632614242866,17.9943468406669,18.1986075293759,18.2722541540406,19.4802744586965,19.042924267976,19.2606211550849
17.602833316499,18.714174372318,16.3574313296111,17.4519681190761,16.7337843235483,17.1053232067661,19.5073917673061,17.6971317120422,19.2580212147159
16.4685318434743,18.9359845791169,12.9302008845345,14.6037502766628,12.8260717060066,13.5763593796274,16.2181151258626,15.738025485975,17.7126479429197
16.4945515581533,18.9359846215492,13.8749583310707,15.1461289982536,13.5845388158074,14.2759246969629,17.0717290838756,16.0955261874285,18.0281834374787
17.3483000197428,18.9359845703521,15.2141960525212,15.1461289982536,14.740546848504,14.7816245683425,16.6236348120159,17.0838180419089,21.9688384924744
17.3501293186353,18.9359846252718,14.7834226575802,15.1461289982536,14.240788172271,14.7432903269018,17.6648566712364,17.0838180419089,19.5469918479423
17.4118778564231,18.9359846240532,14.7700331219095,15.1461289982536,14.2560377383991,14.7432903269018,16.6354887601462,17.0838180419089,18.0605305813578
17.4493478252967,18.9359845780482,15.097415081242,15.1461289982536,14.6217538502062,14.7432903269018,17.6303741602658,17.0838180419089,18.0648291947462
17.3468063404403,18.9359846161804,15.1509237584031,15.1461289982536,14.4894144113616,14.7432903269018,17.3376025287384,17.0838180419089,22.0739330591832
17.3401617751942,18.9359845799532,14.7127864719361,15.1461289982536,14.4189301399096,14.7432903269018,17.043556096681,17.0838180419089,17.946771294847
24.3597253671891,18.7180949199208,11.9386084360664,13.0820870670384,12.761404337603,13.0411185012597,22.7318336228914,24.5054407273143,18.5712390533102
24.360002999432,18.7180949446549,12.549967664465,13.0820870670384,13.319146045164,13.0411185012597,23.4290606100308,24.5054407273143,19.2452033044273
24.3600087526598,18.7180949343659,12.5667705597938,13.0820870670384,13.1730281118805,13.0411185012597,22.8635008911472,24.5054407273143,19.2452243450103
24.3599413958745,18.7180949461494,12.6040297317571,13.0820870670384,13.3439862558202,13.0411185012597,22.6995697791106,24.5054407273143,19.2450280470248
24.3600814498552,18.7180949434573,12.1992694589709,13.0820870670384,12.9244018727899,13.0411185012597,22.833391322605,24.5054407273143,18.5723239826592
24.3589470123116,18.7180948951605,11.9975591017912,13.0820870670384,12.6838546735737,13.0411185012597,19.207197917295,24.5054407273143,18.9469279537977
24.3601631713086,18.7180949458773,12.3853742291465,13.0820870670384,13.1037779528825,13.0411185012597,22.5177023578273,24.5054407273143,19.245541662894
24.360277753078,18.7180948978012,12.3396781656226,13.0820870670384,13.1250978239889,13.0411185012597,23.4924999121032,24.5054407273143,19.2458605873513
24.3585214520699,18.7180948907054,11.5696235221743,13.0820870670384,12.3884365313223,12.7163170565586,21.952483153634,23.6109992966023,18.2792639558826
24.3608670685775,18.7180949422387,12.1858799233002,13.0820870670384,12.939651438918,13.0411185012597,22.9250900608235,24.5054407273143,18.2818568230804
24.3601779577815,18.7180949020465,11.7969945615892,13.0820870670384,12.6685929086337,13.0411185012597,22.3998536930995,24.5054407273143,19.2570331242703
24.3613996649969,18.7180948996977,12.0150979623391,13.0820870670384,12.9249484264082,13.0411185012597,22.6946191608905,24.5054407273143,18.2825306529707
24.5459850041001,24.5439586038524,24.7613082545185,24.1682635768138,24.6933163333584,24.4702270633185,22.5665586043526,23.3314561986018,24.5371420372331
24.5520586433939,24.5439586042154,25.0593583996953,24.1682635768138,25.0420820805184,24.7950285080197,23.8396397153115,24.2258976293139,24.5371420372331
24.5239912113354,24.5439586104494,23.5377324182694,23.625884855223,23.8145652085616,23.6280975607452,23.2700730058316,22.88010507338,24.5371420372331
24.5530941091371,24.5439586083076,25.1892438341354,24.1682635768138,24.9887344756098,24.7950285080197,22.9247328467388,24.2258976293139,24.5371420372331
24.6611179109144,24.5439586016846,25.8217275862561,24.1682635768138,25.729040351059,24.8333627494603,24.1634662645903,24.2258976293139,24.5371420372331
24.6434735927625,24.5439586330679,25.1302931684106,24.1682635768138,25.0662841396391,24.7950285080197,23.5211213433878,24.2258976293139,24.5371420372331
24.6593304428913,24.5439586112857,25.320318005671,24.1682635768138,25.4074236424646,24.7950285080197,23.9280683875298,24.2258976293139,24.5371420372331
24.6593635734937,24.5439586131249,25.3457394277259,24.1682635768138,25.4920031855643,24.7950285080197,24.0705335922115,24.2258976293139,24.5371420372331
24.6634646641286,24.5439586132978,25.438963741973,24.1682635768138,25.3851069227233,24.7950285080197,23.8777561349966,24.2258976293139,24.5371420372331
24.6828818985275,24.5439586128448,25.2067826946833,24.1682635768138,25.2298282284443,24.7950285080197,23.8757947279111,24.2258976293139,24.5371420372331
24.659221987997,24.5439586325701,25.847823941531,24.1682635768138,25.8088181999707,24.8717346466632,24.2482941261278,24.2258976293139,24.5371420372331
24.6634997378035,24.5439586159553,25.3019826639465,24.1682635768138,25.2703999787066,24.7950285080197,23.4582200368087,24.2258976293139,24.5371420372331
24.682695561298,24.5439586093807,25.7049466149768,24.1682635768138,25.6102473527612,24.7950285080197,24.6230374719024,24.2258976293139,24.5371420372331
24.6639305371664,24.5439586151936,24.9886792939334,24.1682635768138,24.9734727106698,24.7950285080197,23.2370481549671,24.2258976293139,24.5371420372331
24.6650671074462,24.5439586109482,25.5313628979668,24.1682635768138,25.429977626025,24.7950285080197,24.2723601271675,24.2258976293139,24.5371420372331
9.43738854765852,18.7024466085597,12.742298998184,13.3531221213807,12.0829967902894,12.2058740285118,11.3842952094313,9.46955027662802,18.1906637974468
9.43090809960948,18.7024465531156,11.7078927886012,13.3531221213807,11.1274470657915,11.8810725838107,11.1886693584823,8.57510884591596,19.4804803582602
9.43910950814953,18.7024465644568,11.9352638280161,13.3531221213807,11.4076034431029,12.2058740285118,11.7587041720717,9.46955027662802,19.2570331242703
9.43765538911285,18.7024466070652,12.6882369308919,13.3531221213807,12.0581565796332,12.2058740285118,10.5409590681077,9.46955027662802,18.1907142556779
9.43903775792929,18.7024465652185,12.2485671980293,13.3531221213807,11.7045307111397,12.2058740285118,11.5340780642601,9.46955027662802,18.1908893023372
9.4377258722411,18.7024465967762,12.7050398262207,13.3531221213807,11.9120386463497,12.2058740285118,10.4740391197065,9.46955027662802,18.1907226305233
9.43675452229185,18.7024465823311,12.0768777024934,13.3531221213807,11.5004148720722,12.2058740285118,11.7141080746376,9.46955027662802,18.1905552777873
9.43855804446463,18.7024466000471,12.0634220575893,13.3531221213807,11.7151478007832,12.2058740285118,11.0893845476359,9.46955027662802,19.4686506923771
9.4385873812908,18.7024465509479,12.7683121203388,13.3531221213807,12.1631710834921,12.2442082699525,11.56166508567,9.46955027662802,18.1908033556231
9.43469529372317,18.7024465534787,12.005942933778,13.3531221213807,11.4762128129515,12.2058740285118,10.4269301178494,9.46955027662802,18.1903086375086
9.4362073035308,18.7024465575708,12.1358283682182,13.3531221213807,11.4228652080429,12.2058740285118,9.78944103811805,9.46955027662802,18.9469279537977
9.43897578414627,18.702446562561,12.3855482760557,13.3531221213807,11.8192376551563,12.2058740285118,11.3011390136213,9.46955027662802,18.190880834364
24.3566932376389,18.7146745252271,20.9683181485823,20.6789406730421,22.0828697709272,21.1650933480702,24.7500074101375,24.8242250437101,19.8090243741207
24.3500984336016,18.714674514787,20.44379648622,20.6789406730421,21.3853063949907,20.9470168044712,23.3464184073848,24.8242250437101,19.7832931945693
24.3331882800567,18.7146744686322,18.5905747131743,20.1365619514513,19.9705899287263,19.7800858571967,23.4521592148624,23.4784324877763,19.6351791056655
24.3494276423059,18.7146744694684,20.3731603005759,20.6789406730421,21.5634483626293,20.9470168044712,23.999209278961,24.8242250437101,19.7807409926997
24.3440352560366,18.7146744664903,20.2420861290404,20.6789406730421,21.1447591957745,20.9470168044712,21.8778583674053,24.8242250437101,22.0644889226509
24.3494383398695,18.7146744713077,20.3985817226308,20.6789406730421,21.6480279057291,20.9470168044712,23.650712499791,24.8242250437101,22.1803072000432
24.3499935557011,18.7146745089666,20.1696798184115,20.6789406730421,21.4370417885149,20.9470168044712,23.2643238050865,24.8242250437101,22.1827954655582
9.42287476379235,18.7147821106637,14.4817088230135,15.0688280802764,15.0792409712612,14.9637370672473,10.2878856065124,9.58593689705798,18.0012852374271
9.2606322785811,18.7147821023411,13.7714160413536,15.0688280802764,14.3643245005386,14.7456605236483,8.12804218876903,9.58593689705798,16.455438906189
9.26104541952584,18.7147820519269,13.7554768034716,15.0688280802764,14.1411303961085,14.7456605236483,7.8668730762617,9.58593689705798,14.8222985056659
9.30843103835062,18.7147820766872,13.6965261377468,15.0688280802764,14.2186800601378,14.7456605236483,9.30079494300534,9.58593689705798,16.4576260919402
9.32253453147137,18.7147821029158,14.3619474334375,15.0688280802764,14.801261978355,14.7456605236483,9.75703868500256,9.58593689705798,19.6031222380931
9.33263810868362,18.7147821002236,13.9571871606513,15.0688280802764,14.3816775953247,14.7456605236483,9.11519274337273,9.58593689705798,14.8293629841555
17.4958138610036,18.7131693252656,18.9713975481784,18.7707856375883,19.0007455502243,18.8408159261304,18.7362111400468,17.5926830779595,19.2296846273745
17.494540451298,18.7131693348666,18.4699879675933,18.7707856375883,18.6791288416299,18.8024816846897,18.8048062004319,17.5926830779595,19.2575707963571
17.4945651787864,18.7131693367059,18.4954093896482,18.7707856375883,18.7637083847296,18.8024816846897,18.2210586088179,17.5926830779595,19.2575843236053
17.4781857929579,18.7131693318885,18.3389137960578,18.7707856375883,18.2604396747751,18.8024816846897,17.3597081553298,17.5926830779595,19.2486641761975
17.4916541065217,18.7131693566488,18.279963130333,18.7707856375883,18.3379893388044,18.8024816846897,18.4197405742755,17.5926830779595,19.2278562205121
17.4987903713926,18.7131693926088,19.1060813283738,18.7707856375883,19.1478833434485,18.9602412057539,18.1295360808382,17.5926830779595,19.317307639632
19.5872287238096,18.7111221707938,20.840929125295,20.0622499743822,20.6442444935242,20.3430250366034,19.6062346030531,19.4020657934618,19.5577686605666
19.5873168145236,18.7111221249655,20.9042014194131,20.0622499743822,20.8953769306666,20.3813592780441,19.3250499163722,19.4020657934618,19.5578603961043
19.5904628483972,18.7111221361256,20.2892565278403,20.0622499743822,20.3961648080519,20.3430250366034,19.3700392487976,19.4020657934618,19.2804492696548
19.5828310319667,18.7111221271332,19.8437820876755,20.0622499743822,19.859652912966,20.0182235919023,19.3993927377815,18.5076243627497,19.5861779157188
19.5829413480506,18.7111221804037,20.3260363461019,20.0622499743822,20.4457249939967,20.3430250366034,19.3797220029875,19.4020657934618,19.5529060805251
19.5869180789585,18.711122155851,20.930297774688,20.0622499743822,20.9751547795783,20.4197311752469,19.4955389176866,19.4020657934618,19.7929797669894
24.3896400759535,18.7125999671179,22.1842485993139,22.1374739913806,22.8262612448842,22.5471362356834,23.4364715462972,23.8563987000578,16.455438906189
24.4002970053009,18.7125999678397,22.2235039544249,22.1374739913806,22.9249731108382,22.5471362356834,24.1951968146889,23.8563987000578,18.7979800689833
24.4003153918528,18.7125999196817,22.2993835329676,22.1374739913806,23.0217563073089,22.5471362356834,24.4716003934199,23.8563987000578,18.7639796818167
24.4003558287209,18.7125999676925,22.7747799913979,22.1374739913806,23.2631987227006,22.5471362356834,25.1012060880973,23.8563987000578,22.0097518444865
24.4213483752059,18.7125999212408,22.1858482219799,22.1374739913806,22.8441608932886,22.5471362356834,25.9114809198931,23.8563987000578,22.0163422223094
24.4017305415247,18.7125999650003,22.3700197186116,22.1374739913806,22.8436143396703,22.5471362356834,24.5877831469971,23.8563987000578,16.4596000438087
24.4036725172047,18.7125999674203,22.5561244887872,22.1374739913806,23.0229904197629,22.5471362356834,25.0096348009677,23.8563987000578,16.4600383065382
24.4036753684068,18.7125999243513,22.2810481912431,22.1374739913806,22.8847326435509,22.5471362356834,24.2565214594826,23.8563987000578,18.7999035080642
24.4212921718312,18.7125999754404,22.8945413809739,22.1374739913806,23.5411777156068,22.7652127792824,26.0572855417837,23.8563987000578,21.1192425931744
24.3614148610464,18.7125999188455,20.516797945566,21.5950952697898,21.4288978734059,21.3802052884089,22.4108723916423,22.5106061441239,16.4344029427185
